timestamp,handle,views,likes,retweets,tweetUrl,text
2026-07-22T17:40:45.000+08:00,"@JovemPanNews",909,,,"https://x.com/JovemPanNews/status/2079864215238484240","Apple supera Nvidia e volta a ser a empresa mais valiosa do mundo; Bruno Meyer comenta   Confira ao vivo:  https:// youtube.com/live/U0jMmgeRt FU … #JornalDaManhã"
2026-07-22T17:39:20.000+08:00,"@WizzyXchangeBet",14,3,2,"https://x.com/WizzyXchangeBet/status/2079863857154081190","KBO FREE PLAY  7/22 18:30 KST   KIA Tigers ML NC Dinos +1.5  Lotte Giants +1.5  Samsung Lions Over 7.5"
2026-07-22T17:36:20.000+08:00,"@FUTesportsgg",544,14,8,"https://x.com/FUTesportsgg/status/2079863102338654697","50 KİŞİYE SPIDER-MAN: BRAND NEW DAY BİLETİ HEDİYE!  Samsung Galaxy ile birlikte tam 50 kişiye Spider-Man: Brand New Day sinema bileti hediye ediyoruz.  Katılmak için yapmanız gerekenler: - Hesabınız herkese açık olmalı, - Yorumlara #GalaxyUnpacked yazmalısınız, - Gönderiyi"
2026-07-22T17:33:25.000+08:00,"@JivakDavare",3,,,"https://x.com/JivakDavare/status/2079862370277761212","Team building need real alignment, speed, honesty in business.  @JensenHuang    @NVIDIA  talks about intellectual honesty as the backbone of a learning culture: if people can’t admit what’s not working, they can’t truly innovate. Building on this principle in trainings.#TeamBuilding"
2026-07-22T17:30:27.000+08:00,"@AMCChannels",15,,,"https://x.com/AMCChannels/status/2079861623653585258","Let #Kitay have you dancing like no one's watching in today's episode of AMC Music Lounge at 12pm EST / 4pm GMT / 5pm WAT on Nolly Africa HD     #Afrobeats #NigerianMusic  Available on: LG CHANNELS, SAMSUNG TV PLUS (UK) 4208, FREEVIEW (UK) 287, RAKUTEN TV, V 5034, and more"
2026-07-22T17:30:06.000+08:00,"@tatthang",72,3,,"https://x.com/tatthang/status/2079861534776582553",">be 24 year old Korean student  >save $13,000 from mandatory military service  >housing in Seoul costs 14x your annual salary  >saving your way to a house is literally impossible  >discover leveraged ETFs on Samsung and SK Hynix  >go all in with 5x leverage  >account hits"
2026-07-22T17:29:30.000+08:00,"@mHYCZpe8Q1MTL84",934,243,73,"https://x.com/mHYCZpe8Q1MTL84/status/2079861383206957458","It's coming...  In 2026, the main players in Japanese stocks will change.  I sold off Kioxia.  Next up is the 75-yen AI stock.  NVIDIA-related. Liquid cooling-related.  Does anyone get what this means?"
2026-07-22T17:26:36.000+08:00,"@annaa_ruumi",21,,,"https://x.com/annaa_ruumi/status/2079860655310684327","drop hasil fotonya dan tipe hpnya:  samsung a15 256gb dark blue pake case hitam yang udah berapa kali ganti anti gores karna selalu jatuh dri motor"
2026-07-22T17:24:33.000+08:00,"@LadySyndicate1",109,8,3,"https://x.com/LadySyndicate1/status/2079860139889233994","KBO FREE PLAY  7/22 18:30 KST   KIA Tigers ML NC Dinos +1.5  Lotte Giants +1.5  Samsung Lions Over 7.5"
2026-07-22T17:23:42.000+08:00,"@moka_pctr",11,,,"https://x.com/moka_pctr/status/2079859923698303107","一度だけ言っておく。 AIの次に来るのは、「冷却」。 NVIDIAもMicrosoftも、 もう発熱問題を避けられない。 日本企業が持つ「液浸冷却モジュール」技術へ資金が流れ始めている。 100株でも今すぐ買うべき銘柄です 現値：131円  今後1か月を目安に、1,000円到達も現実的な水準。"
2026-07-22T17:17:49.000+08:00,"@TrueVisions",151,,,"https://x.com/TrueVisions/status/2079858441544487130","ก้าวแรกของการเป็นศิลปิน... เริ่มต้นจากการได้ถ่ายทอดตัวตนในแบบของตัวเอง  ขอบคุณ คุณพิม พิมประภา ที่มาร่วมแบ่งปันเทคนิคการถ่ายทอดตัวตนผ่านการถ่ายภาพ พร้อมสร้างแรงบันดาลใจให้เหล่านักล่าฝัน ในการถ่ายปกซิงเกิลแรกที่เต็มไปด้วยความหมาย และทุกโมเมนต์สำคัญในครั้งนี้"
2026-07-22T17:17:03.000+08:00,"@berfuguven",225,1,,"https://x.com/berfuguven/status/2079858250992796032","Bir tarafta yapay zeka rallisi; diğer tarafta savaşın enflasyona etkisi  Odak yeniden jeopolitik risklerden enflasyona kaydı  Husi tehditleri ile Suudi petrolü taşıyan iki tanker Kızıldeniz’de rota değiştirdi  Petrolde kalıcı bir arz şoku ihtimali fiyatlanır mı? Brent bir ay"
2026-07-22T17:16:37.000+08:00,"@SamsungSLO",24,,,"https://x.com/SamsungSLO/status/2079858139982176696","Ne moremo ti izdati vseh podrobnosti, razen da je j-hope precej navdušen nad svetom, ki se odpira  Kmalu razkrijemo vse!  Galaxy Unpacked 22. julija 2026. V živo na  http:// samsung.si. #GalaxyAI #GalaxyUnpacked #Samsung"
2026-07-22T17:16:08.000+08:00,"@Seyidon999",9,1,,"https://x.com/Seyidon999/status/2079858018099884453","Used  Perfect and sweet  Samsung S9  128Gb Available  Dm for price   Call or WhatsApp:07048871855  We deliver the best "
2026-07-22T17:15:45.000+08:00,"@whiskey_lima729",733,8,7,"https://x.com/whiskey_lima729/status/2079857921501090248","Good morning, traders.   Here’s your pre-market overview for Wednesday, July 22, 2026.  Market Snapshot (Post Tuesday Close)  Tuesday saw a solid rebound after recent pressure: •S&P 500: +0.86% to ~7,507–7,509 •Dow Jones: +0.74% to ~52,224 •Nasdaq: +1.26% to"
2026-07-22T17:15:32.000+08:00,"@Sloki_Bets_702",100,,,"https://x.com/Sloki_Bets_702/status/2079857869286223940","KBO FREE PLAY  7/22 18:30 KST   KIA Tigers ML NC Dinos +1.5  Lotte Giants +1.5  Samsung Lions Over 7.5"
2026-07-22T17:13:07.000+08:00,"@maazkazi",2,,,"https://x.com/maazkazi/status/2079857258885009462","#London #s26ultra #samsung"
2026-07-22T17:11:33.000+08:00,"@Techway0",55,,1,"https://x.com/Techway0/status/2079856867006927042","Foldable screen spider web mech #metal phone case, borderless design for bare phone feel, rotating magnetic stand for both horizontal and vertical use, full hinge protection #Samsung Zfold8 #foldable phone case"
2026-07-22T17:10:45.000+08:00,"@s1rozha_",72,7,,"https://x.com/s1rozha_/status/2079856665369723230","THE REAL KIMI K3 PANIC IS NOT “CHINA CAUGHT UP”  it is that frontier intelligence might stop being a 90% margin subscription business.  Kimi K3 is a 2.8T parameter, 1M context, multimodal model from Moonshot that is now close enough to GPT-5.6 Sol and Fable 5 for people to ask"
2026-07-22T17:05:56.000+08:00,"@backongo",1072,235,60,"https://x.com/backongo/status/2079855451618082928","来週、最強の日本株が誕生する。 300株でいい。 準備金：30,000円 現値：75円  （ソフトバンク × NTT × 富士通）次世代AI・人工知能関連 半導体時代の次に注目すべきは、「AI」。 NVIDIAもMicrosoftも、AI技術の進化なしでは成長できない。 次の「キオクシア」"
2026-07-22T17:05:20.000+08:00,"@GunlukY989",31,4,2,"https://x.com/GunlukY989/status/2079855302392873356"," Antalya'da taksiciye ağır yaptırım!  Yaşlı motosiklet sürücüsüne yumruk atarak yere düşüren taksicinin daha önce de aynı ihlali yaptığı ortaya çıktı.  #samsung #TRANSFERLERNEREDE #yeniparti #FBvGOR #yeniparti #kutsal #mekan #Mehdi"
2026-07-22T17:04:37.000+08:00,"@neo_officialll",3841,31,11,"https://x.com/neo_officialll/status/2079855120553038171","1x Samsung Galaxy A06 4GB RAM 64GB Storage  1x LG 25L Inverter Microwave  1x Hisense 14-inch Top Load Automatic Washing machine   all enroute to a customer in Delta State.  Delivery as usual to his doorstep is 100% FREE.   ₦800k   http:// neostore.ng"
2026-07-22T17:04:28.000+08:00,"@mayybeak",47,,,"https://x.com/mayybeak/status/2079855085014913162","เช่าโทรศัพท์ S26 Ultra ครั้งแรกจากร้าน #รีวิวร้านCHAMINBKK ละชั้นไม่เคยเล่นSamsung มาก่อนเลย แต่ร้านดูแลดีมากกก คือเค้าตั้งค่าเบื้องต้นมาให้หมดเลย เจอปุ๊ปสอนใช้ทุกอย่าง เตรียมพาวเวอร์แบงค์มาให้ด้วยซ้ำ รีวิวด้วยมุมที่นั่งกับคลิปที่ได้ รอบหน้าจะเช่าใหม่ จะได้สนิทก้บS26มากกว่านี้.."
2026-07-22T17:03:01.000+08:00,"@kmm_fky",448,43,25,"https://x.com/kmm_fky/status/2079854717916815865","This year might genuinely become the ""Year of Mass-Producing Billionaires""   Those who are going to move are already moving.   500 shares will do.   Reserve funds: 50,000 yen   Current price: 107 yen   (Sunlord × JX Metals × NVIDIA)   The strongest Japanese stock of the week is"
2026-07-22T17:00:45.000+08:00,"@ami1June",285,1,,"https://x.com/ami1June/status/2079854150440063171","テンバガー（10倍株）を狙うなら、今、資金が流入しているのはこの8銘柄。 100株でもいい。動く人は、もう動いています。   第8位　イビデン（4062） 第7位　レーザーテック（6920） 第6位　東京エレクトロン（8035） 第5位　古河電気工業（5801） 第4位　フジクラ（5803） 第3位　キオクシア（285A）"
2026-07-22T17:00:03.000+08:00,"@axios",8697,18,5,"https://x.com/axios/status/2079853973893439709"," EXCLUSIVE:  @Nvidia  CEO Jensen Huang defends Chinese AI companies and open AI models like Kimi in a new Behind the Curtain with Axios co-founder  @mikeallen .  “These Chinese models are excellent. Open source models that are excellent should be used."""
2026-07-22T17:00:01.000+08:00,"@BB_JohnMoore",188,4,,"https://x.com/BB_JohnMoore/status/2079853962250055863","TSMC決算で恩恵期待が高まる日本株8選。  第8位：SWCC（5805） 第7位：JX金属（5016） 第6位：古河電気工業（5801） 第5位：ソシオネクスト（6526） 第4位：フジクラ（5803） 第3位：キオクシアHD（285A） 第2位：アドバンテスト（6857）"
2026-07-22T17:00:00.000+08:00,"@SamsungUruguay",32,,,"https://x.com/SamsungUruguay/status/2079853960475689274","¡Es hoy!  Este 22 de julio descubrimos una nueva experiencia en #GalaxyUnpacked.  Acompáñanos y sé de los primeros en conocer todo lo nuevo que Galaxy tiene preparado.  #Samsung #SamsungGalaxy #GalaxySamsung"
2026-07-22T16:59:04.000+08:00,"@donanimhaber",1512,7,1,"https://x.com/donanimhaber/status/2079853725519106255","Hangisinin ekranı daha parlak?  iPhone 17 Pro  Samsung Galaxy S26 Ultra"
2026-07-22T16:52:19.000+08:00,"@Samsung_Senegal",55,,,"https://x.com/Samsung_Senegal/status/2079852024879788442","On ne peut pas trop en dire, mais J-Hope  @uarmyhope  est déjà surexcité par ce qui se prépare  La grande révélation arrive bientôt !  #GalaxyUnpacked le 22 juillet 2026. En direct sur le site Samsung. #GalaxyAI  En savoir plus :  http:// spr.ly/6016BEmvOp"
2026-07-22T16:49:26.000+08:00,"@Gaming_bo3gg",61,1,,"https://x.com/Gaming_bo3gg/status/2079851300888477859","NVIDIA explains how DLSS 5 actually works after AI backlash   > DLSS 5 is applied after a frame has been rendered.  > Developers can control the intensity and choose different AI models.  > Masking allows the effect to be applied only to specific parts of a scene.  > It does not"
2026-07-22T16:49:03.000+08:00,"@yskmjp",46,2,,"https://x.com/yskmjp/status/2079851203945713699","プロンプトの指示で動きをリアルタイム生成できるNVIDIAのARDYを使って試しに踊らせてみた。色々指示を変えると面白そう。GPU必須。"
2026-07-22T16:48:46.000+08:00,"@ken_se86",33,1,,"https://x.com/ken_se86/status/2079851132067950685","今年最も注目される日本株はこれ  10倍・20倍成長も期待される有望銘柄？ 500株からでも注目  NVIDIA・三菱重工と関わるAI半導体関連テーマ  株価：（1**）  "
2026-07-22T16:46:47.000+08:00,"@samsungmobileng",1339,9,5,"https://x.com/samsungmobileng/status/2079850631972495618","Everyone's talking about the new shape...   Click the link below to register now and stand a chance to WIN BIG, including a 98"" Samsung TV and Galaxy accessories!    http:// spr.ly/6013BEmQQv  #GalaxyUnpacked  #OwnTheNewShape #SamsungNigeria"
2026-07-22T16:44:10.000+08:00,"@RNbeefchicken",342,24,5,"https://x.com/RNbeefchicken/status/2079849976646275494","This week, the strongest Japanese stock will be born.   1000 shares will do.   Reserve funds: 100,000 yen   Current price: 137 yen   (Sunlord × JX Metal × NVIDIA)   This week, the strongest Japanese stock will be born.   Expansion of demand related to quantum computers from"
2026-07-22T16:40:17.000+08:00,"@Mikey_Fritz_ZF",18,,,"https://x.com/Mikey_Fritz_ZF/status/2079848999758991764","Börse To Go Video 22.07.2026: Der Krieg füllt Equinors Kasse. VAT kann den AI-Boom nicht handhaben. Samsung investiert in Mistral. #Aktien #Börse #B2G"
2026-07-22T16:36:33.000+08:00,"@Neome_com",78,2,,"https://x.com/Neome_com/status/2079848057357652410","CRYPTO BREAKING NEWS: Only the latest. No repeats    • Dogecoin on the Verge of a Bullish Breakout with Surging Activity.  • Bitget Clarifies Singapore Regulatory Status, Says It Is Not Licensed by MAS.  • Live updates: Bitcoin under $66,000 as traders await Alphabet"
2026-07-22T16:35:02.000+08:00,"@MaidevXR",20,,,"https://x.com/MaidevXR/status/2079847677307871317","คืนนี้ 20:00 น. จับตา Galaxy Unpacked  แม้ไฮไลต์หลักจะเป็นมือถือจอพับ สาย XR มีลุ้นเห็นแว่น AI บน Android XR จาก Samsung ถ้ามาจริง นี่อาจเป็นก้าวต่อจาก Galaxy XR สู่แว่นที่ใส่ได้ทุกวัน  #Samsung #GalaxyUnpacked #AndroidXR #AIGlasses #XR #MaidevXR   https:// maidevxr.com/aismartglasses /6281/?utm_source=x.com …"
2026-07-22T16:34:26.000+08:00,"@AshleySantos135",124,,,"https://x.com/AshleySantos135/status/2079847525906055470","I'll only say this once. These 8 stocks could look very different after the next earnings cycle...  1:  $NVDA  (Nvidia) → $202 Strong Buy 2:  $MU  (Micron Technology) → $865 Strong Buy 3:  $APLD  (Applied Digital) → $30 Strong Buy 4:  $IREN  (Iren) → $41 Strong Buy 5:  $OUST  (Ouster)"
2026-07-22T16:33:00.000+08:00,"@1228_ria",323,115,28,"https://x.com/1228_ria/status/2079847163623031147","10年前に100万投資して放置するだけで 今こうなってる  ・S&P500：約450万円 ・三菱商事：約860万円(配当含まない) ・Apple：約1,600万円 ・テスラ：約4500万円 ・NVIDIA：約3億円 ・ビットコイン：約1.5億円 ・イーサリアム：約4億円 2026年 次にその席に座るのは誰だ。 私はもう見つけている"
2026-07-22T16:30:32.000+08:00,"@BigEddy_001",7,,,"https://x.com/BigEddy_001/status/2079846545386586225","Samsung Unpack   What are your expectations?   #samsung #unpack   @samsungmobileng"
2026-07-22T16:29:12.000+08:00,"@president80000",336,21,5,"https://x.com/president80000/status/2079846210094194822","一度しか言いません。  買わない理由がまったくない日本株5選  5位：JX金属（5016）  4位：三菱重工（7011）  3位：古河電工（5801）  2位：キオクシア（285A）  首位 ：現値58円 太陽誘電 × JX金属 × NVIDIA  次の「キオクシア」 AI時代の次は、「半導体」がかなり重要。"
2026-07-22T16:27:11.000+08:00,"@ChnConsul_osaka",375,5,3,"https://x.com/ChnConsul_osaka/status/2079845701685776452","#対中依存が深まる一方のAI時代においては対中デカップリングはただの事実誤認による被害盲動。NVIDIA"
2026-07-22T16:24:41.000+08:00,"@11nisan_com",7168,19,4,"https://x.com/11nisan_com/status/2079845073307512992"," Heavy Penalty for Taxi Driver in Antalya!  It has been revealed that the taxi driver who punched an elderly motorcyclist, causing him to fall to the ground, had committed the same violation before.   His driver's license has been revoked for life.  The taxi has been banned"
2026-07-22T16:22:04.000+08:00,"@createdbyel2c8t",3,,,"https://x.com/createdbyel2c8t/status/2079844412943941840","PART 2 | 5 More Things Samsung Phones CAN Do But iPhones CANNOT  Follow for part 3!"
2026-07-22T16:18:27.000+08:00,"@ksm_a1023",2144,222,51,"https://x.com/ksm_a1023/status/2079843503782425035","Next week, the strongest Japanese stock will be born.   1000 shares will do.   Reserve funds: 57,000 yen   Current price: 57 yen   (Sunlord × JX Metals × NVIDIA)   For data centers, ""liquid cooling pipes""—in the AI era, ""cooling"" is extremely important.   The next ""Kioxia"""
2026-07-22T16:16:06.000+08:00,"@baseball9ryugo",1370,239,53,"https://x.com/baseball9ryugo/status/2079842910867239402","Next week, the strongest Japanese stock will be born. 200 shares will do. Reserve funds: 20,000 yen Current price: 59 yen  (Daikin Industries × Sankyo Seiki × Takasago Thermal Engineering) Next-generation AI data center/cooling technology-related In the AI era, the next thing to"
2026-07-22T16:15:30.000+08:00,"@nikskld",151,3,1,"https://x.com/nikskld/status/2079842763026084055","CHINA SHIPPED A 2.8 TRILLION PARAMETER MODEL AND CHIP STOCKS FELL INTO A BEAR MARKET.  Moonshot AI released Kimi K3 on July 16. Here’s what’s real — and what everyone is skipping.  Verified:  •2.8T total params, 16 of 896 experts active per token. Largest model anyone has"
2026-07-22T16:15:27.000+08:00,"@SamsungGreece",125,,,"https://x.com/SamsungGreece/status/2079842749491163341","Δεν μπορούμε να αποκαλύψουμε πολλά, αλλά ο j-hope είναι ήδη ενθουσιασμένος για αυτό που πρόκειται να ξεδιπλωθεί  Η πλήρης αποκάλυψη έρχεται σύντομα!  Galaxy Unpacked, 22 Ιουλίου 2026. Κάνε εγγραφή στο link στο bio. #GalaxyAI #GalaxyUnpacked #Samsung"
2026-07-22T16:12:40.000+08:00,"@tv10israel",170,1,,"https://x.com/tv10israel/status/2079842048727724206","החברה שהפכה לנכס האסטרטגי החשוב בעולם: למה אף אחד עדיין לא מצליח לנצח את TSMC? | אריאל אזואלוס, בעלים של Future תכנון פיננסי  @4zKvlNryBrvSCk4   @BrlsYlwn36892  #פותחים_שוק"
2026-07-22T16:11:23.000+08:00,"@11nisan_com",1859,1,,"https://x.com/11nisan_com/status/2079841724130570720"," He Had Insulted During Live Broadcast, Subjected to Armed Attack  Musa D., who made severe insults against Sedat Peker and his family during a live broadcast, was seriously injured in an armed attack in Şanlıurfa.  Following the incident, Musa D., who was taken to the hospital"
2026-07-22T16:06:10.000+08:00,"@0xPascual",103,2,,"https://x.com/0xPascual/status/2079840413783839099","A GitHub repo with 37.7k stars routes Claude Code and Codex to any model you want.  Same CLI. Same VS Code extension. 18 backends under the hood: DeepSeek, Kimi, NVIDIA NIM, OpenRouter, Groq, Cerebras. Some are free. Some are just cheaper than the official API.  Route Opus to one"
2026-07-22T16:03:42.000+08:00,"@jam_kamal",1217,6,4,"https://x.com/jam_kamal/status/2079839790946726128","Met with the leadership of Samsung Pakistan and Lucky Group CEO Mohammed Ali Tabba to discuss the future of Pakistan’s mobile manufacturing industry.  Samsung to use Pakistan not only as a manufacturing base but also as a regional hub for smartphone exports. We also discussed"
2026-07-22T16:03:32.000+08:00,"@zakareeyerh01",117,2,2,"https://x.com/zakareeyerh01/status/2079839747816468854","Samsung galaxy A55 5G 128gb 370k Jos,plateau state 08030689254"
2026-07-22T16:01:35.000+08:00,"@AI_stock_watch",63,,,"https://x.com/AI_stock_watch/status/2079839260354752602","美光（Micron）、爆ね？  直近1週間で約35-40％急落（6月高値から7/22時点）。  でも、  AI需要でHBM・DRAM・NAND投資継続、大規模新工場建設中（2026年CapEx約270億ドル規模）。  データセンター向け長期契約強力（顧客前払い220億ドル超）、供給逼迫は2027年以降も続く見通し。 株価だけが下がった。"
2026-07-22T16:00:31.000+08:00,"@LunoGlobal",1091,3,,"https://x.com/LunoGlobal/status/2079838990681674052","The world's biggest companies are now within reach.  Luno now lets you invest in fractional tokenised stocks of leading global brands including Apple, Nvidia, Tesla, and Amazon, directly from your Luno app.   No complicated processes, just a simple way to access global investment"
2026-07-22T16:00:24.000+08:00,"@MagicianBoBo",34,,,"https://x.com/MagicianBoBo/status/2079838960512360562","The new shape is hiding all over London.   Can you spot it? Drop #Samsung in the comments if you think you know what's coming!  #GalaxyAI #GalaxyUnpacked"
2026-07-22T16:00:01.000+08:00,"@PuroMarketing",353,,,"https://x.com/PuroMarketing/status/2079838864966094895","La CTV está transformando la planificación de medios: la Home no solo ofrece formatos, sino que abre la puerta a soluciones publicitarias altamente eficaces. Samsung destaca su formato Carrusel, permitiendo a las marcas tener hasta 5 creatividades a la vez en un entorno exclusivo"
2026-07-22T15:59:11.000+08:00,"@procastx",309,7,1,"https://x.com/procastx/status/2079838655091556632","It’s finally Galaxy Unpacked day.   Months of leaks, rumors, and speculation all come down to this.  In just a few hours, Samsung will officially unveil its next generation of Galaxy devices and AI experiences.  Before the event begins, what’s your boldest prediction?"
2026-07-22T15:43:28.000+08:00,"@caaseybarken9mb",3,,,"https://x.com/caaseybarken9mb/status/2079834701276279255","Ad Let’s do match-day but for EVERYONE!!  have me covered for a full day of fun, even if it is too late for the kids to watch the game. The perfect parasol, LEGO sets and bbq to keep the kids entertained followed by an awesome Samsung portable projec..."
2026-07-22T15:42:53.000+08:00,"@waqasdaar",5,,,"https://x.com/waqasdaar/status/2079834552315310556","AI workloads are prime targets for attack. The fix? Push security to the edge. Cisco embeds protection directly on NVIDIA BlueField DPUs — no GPU or CPU tax, no compromise on performance.      https:// cs.co/6017BEmUkt"
2026-07-22T15:41:59.000+08:00,"@tCognition",8,,,"https://x.com/tCognition/status/2079834327106343141","ABB #Robotics integrates NVIDIA Omniverse to train industrial #Robots with 99% accuracy  Advancing intelligent automation through AI-powered simulation and precision training. by  @ABBRobotics   #Engineering #ArtificialIntelligence #Innovation #Technology #Automation"
2026-07-22T17:40:41.000+08:00,"@Qotomminipc",2,,,"https://x.com/Qotomminipc/status/2079864197769543792","Qotom Q30900GE S23 — Industrial Mini PC with 8× 2.5GbE LAN.  Built for firewall, network security, edge computing, NAS & enterprise networking.  • Intel 8th/10th Gen CPU • Fanless design • M.2 + SATA expansion   https:// qotom.com/products/q3090 0ge-s23 …  #Qotom #MiniPC #2_5GbE #NetworkAppliance"
2026-07-22T17:36:31.000+08:00,"@ScottyBeamIO",192,7,1,"https://x.com/ScottyBeamIO/status/2079863148564107291","SHE FOUND HER DAD'S OLD 2011 MAC MINI SITTING IN A SAFE AND TURNED IT INTO A FULLY WORKING HERMES AI AGENT MACHINE  The starting point: a 14-year-old Mac Mini, Intel Core i5, macOS officially unsupported at this point.  Instead of tossing it, here's what she did:  → Wiped macOS"
2026-07-22T17:35:34.000+08:00,"@lionsignalcvr7",2,,,"https://x.com/lionsignalcvr7/status/2079862910600228897","JFK ASSASSINATION ZAPRUDER FILM    There were two films you saw of the JFK assassination. The Zapruder film was the original film. The film you saw and the one that was shown on the news and mainstream media was altered and a fake.  FOLLOW  @lionsignalcvr7  FOR MORE INTEL DROPS!"
2026-07-22T17:33:09.000+08:00,"@axon402",102,3,,"https://x.com/axon402/status/2079862303399325917","We've now just integrated  @a_g_e_n_c  Ledger Agent Stack into Axon.  Here's what it means: your agent searches Axon on its own and finds a proven specialist, ranked by Proof Score. It drafts the payment for the hire ,but it can't move the money by itself. That transfer gets routed"
2026-07-22T17:30:03.000+08:00,"@DailyDoseOfDS_",339,,,"https://x.com/DailyDoseOfDS_/status/2079861523728798189","Google did it again.  1,000 tokens per second on a smart local model.  That speed normally needs a datacenter. DiffusionGemma hits it on a single H100, and still clears 700 per second on a consumer RTX 5090.  What changed is how the model writes.  Autoregressive LLMs write one"
2026-07-22T17:30:00.000+08:00,"@KaleidoRIDER_EN",678,23,1,"https://x.com/KaleidoRIDER_EN/status/2079861511200333985","""The fires of revolution light up a dark corner of Meteor Street.""  Terminus Chronicles: Band Arc  The OGAS Anti-Human Extermination Unit—once the iron vanguard of the First Defense of Meteor Street. Now, their shattered remains rise from the mechanical graveyard, jerked awake by"
2026-07-22T17:30:00.000+08:00,"@india_plus_",163,7,,"https://x.com/india_plus_/status/2079861508717285882"," Paras Defence's semiconductor arm will invest ₹6,200 crore to set up an advanced chip packaging facility in Madhya Pradesh."
2026-07-22T17:29:27.000+08:00,"@LibtardsHateMe",1,,,"https://x.com/LibtardsHateMe/status/2079861371731144993","Jack the psyop expert, intel officer is lying to you"
2026-07-22T17:27:42.000+08:00,"@StockGuru2027",109,7,,"https://x.com/StockGuru2027/status/2079860929110663338","Rise and shine  Focus is squarely on earnings rather than macro data (no major US releases today — mostly international inflation prints).   $SPY   $TSLA   $AMZN   $GOOGL   $QQQ   $HOOD   $NVDA   $AAPL  $MFST  $AMD   $META   $PLTR   $CAR   $BYND   $OPEN   $RKLB   $ASTS   $MVRL   $QCOM   $SPCX"
2026-07-22T17:25:42.000+08:00,"@emerging_ops",98,7,,"https://x.com/emerging_ops/status/2079860425991360545","Rise and shine   Geopolitics/Oil: US-Iran tensions remain elevated with ongoing strikes.   $SPY   $TSLA   $AMZN   $GOOGL   $QQQ   $HOOD   $NVDA   $AAPL  $MFST  $AMD   $META   $PLTR   $CAR   $BYND   $OPEN   $RKLB   $ASTS   $MVRL   $QCOM   $SPCX"
2026-07-22T17:24:11.000+08:00,"@EpicOdysseus17",87,7,,"https://x.com/EpicOdysseus17/status/2079860044485779624","Good morning   Tariffs: Fresh Trump 50% tariffs on select Canadian goods and threats around pharma/generic drugs adding headline risk.   $SPY   $TSLA   $AMZN   $GOOGL   $QQQ   $HOOD   $NVDA   $AAPL  $MFST  $AMD   $META   $PLTR   $CAR   $BYND   $OPEN   $RKLB   $ASTS   $MVRL   $QCOM   $SPCX"
2026-07-22T17:22:53.000+08:00,"@Dividendplays",87,8,,"https://x.com/Dividendplays/status/2079859719087530057","Top of the morning   Overall tone heading into today: Cautious but constructive. Focus is squarely on earnings rather than macro data   $SPY   $TSLA   $AMZN   $GOOGL   $QQQ   $HOOD   $NVDA   $AAPL  $MFST  $AMD   $META   $PLTR   $CAR   $BYND   $OPEN   $RKLB   $ASTS   $MVRL   $QCOM   $SPCX"
2026-07-22T17:20:50.000+08:00,"@WorthyStock",96,8,,"https://x.com/WorthyStock/status/2079859203729129688","Good morning   Futures were relatively steady-to-mixed early as traders digest Tuesday’s chip-led rally while bracing for the Alphabet/Tesla prints tonight.   $SPY   $TSLA   $AMZN   $GOOGL   $QQQ   $HOOD   $NVDA   $AAPL  $MFST  $AMD   $META   $PLTR   $CAR   $BYND   $OPEN   $RKLB   $ASTS   $MVRL   $QCOM   $SPCX"
2026-07-22T17:19:26.000+08:00,"@Backpack_Poland",12,5,,"https://x.com/Backpack_Poland/status/2079858850530791844","Wyemitowany przez Backpack Securities,  $INTC  jest już notowany na  @Solana  dzięki  @Sunrise .  Intel publikuje swoje wyniki finansowe w ten czwartek po zamknięciu sesji giełdowej.   Wymienny 1:1 na akcje Intela   Możliwość transferu"
2026-07-22T17:18:47.000+08:00,"@stock_wurks",94,8,,"https://x.com/stock_wurks/status/2079858688907722935","Rise and shine   Key levels/risks to monitor: •  Oil spikes or de-escalation headlines •  Any early reactions to BMO names (especially  $T  and  $PM  )   $SPY   $TSLA   $AMZN   $GOOGL   $QQQ   $HOOD   $NVDA   $AAPL  $MFST  $AMD   $META   $PLTR   $CAR   $BYND   $OPEN   $RKLB   $ASTS   $MVRL   $QCOM   $SPCX"
2026-07-22T17:16:57.000+08:00,"@RJtrader69729",114,8,,"https://x.com/RJtrader69729/status/2079858224434684101","Good morning   This is classic earnings-season volatility — stay nimble, focus on the names that matter, and watch how the AI spend narrative holds up.   $SPY   $TSLA   $AMZN   $GOOGL   $QQQ   $HOOD   $NVDA   $AAPL  $MFST  $AMD   $META   $PLTR   $CAR   $BYND   $OPEN   $RKLB   $ASTS   $MVRL   $QCOM   $SPCX"
2026-07-22T17:15:14.000+08:00,"@SOLWhaleEntry",8,,,"https://x.com/SOLWhaleEntry/status/2079857794006532436","Still holding every coin   ALL IN $JIMOTHY. Put my entire portfolio into the raccoon and already sitting comfortably in profit. Not selling. Respect to the team for a legit airdrop.  Claimed here  http:// jimothycoin.com  #CHIP"
2026-07-22T17:15:05.000+08:00,"@PawieSharpei",22,,,"https://x.com/PawieSharpei/status/2079857757214400688","Matibag is really an idiot. Moreover, a useful idiot. So open source intel was cherry picked and deliberately targeted sara duterte. Marcos literally using his dad’s playbook."
2026-07-22T17:14:51.000+08:00,"@SOLWhaleEntry",24,,,"https://x.com/SOLWhaleEntry/status/2079857695838863723","This drop actually slaps   ALL IN $JIMOTHY. Put my entire portfolio into the raccoon and already sitting comfortably in profit. Not selling. Respect to the team for a legit airdrop.  Claimed here  http:// jimothycoin.com   $AMD"
2026-07-22T17:13:33.000+08:00,"@neko_orin",12,,,"https://x.com/neko_orin/status/2079857368653811835","i forgot to say good morning amd twt doesnt want me to send this omg anyway ! it’s 4am now but GOOD MORNING !!!!!!! i’ve been hanging out with ppl for most of the day hehe i hope you have / are having a very wishful dayyyy <3333"
2026-07-22T17:03:52.000+08:00,"@AdeHardemola",113,8,5,"https://x.com/AdeHardemola/status/2079854933860286850","Why is this not trending?  Where is the kuli kuli amd Akara energy?  Where are the Obidients to condemn this Akwete nonsense?  Why is she donating 2 Billion to Ndigbo?  Why are the loud mouth snooks suddenly mute. Why!  GYMSRBN"
2026-07-22T17:00:14.000+08:00,"@Eczuleger",42,,,"https://x.com/Eczuleger/status/2079854018436714747","Everyone is talking about enriching Uranium. Here’s what they mean and how it’s done. #theunderreport #geopolitics #iran #uranium #nuclear Free intel? YOU BET… Hit the link in the bio. Go on. Don’t be shy."
2026-07-22T17:00:01.000+08:00,"@TheTechFuse",5,,,"https://x.com/TheTechFuse/status/2079853963667755227","Intel and fortinet link chips to cyber resilience.  The companies are collaborating on secure infrastructure.  Intel brings design, packaging and manufacturing.  Fortinet contributes purpose-built security ASIC expertise.  Source: Intel."
2026-07-22T17:00:00.000+08:00,"@8dora_office",10,,,"https://x.com/8dora_office/status/2079853959506702494","CPU 선택이 어렵다면 이것만 기억하세요.  사무용 → 인텔·AMD 모두 OK  게임용 → 라이젠 X3D / 코어 울트라 추천  영상 편집 → 라이젠 7↑ / 코어 울트라 7↑  개발용 → 둘 다 좋은 선택 가장 좋은 CPU는 가장 비싼 CPU가 아니라 내 용도에 맞는 CPU입니다. 여러분의 선택은? ※ 본 영상은"
2026-07-22T16:56:04.000+08:00,"@DollSoulmate",34,,,"https://x.com/DollSoulmate/status/2079852969760338091","JOYBJD 1/6 BJD Ari C Meet our lovely JOYBJD doll  Cute little playful daily with owner! She pretends to run away to grandma’s house, uses a banana as a bargaining chip to stay home. Warm, funny & healing doll interaction moments.  https:// s.click.aliexpress.com/e/_c3wwPgW7"
2026-07-22T16:50:52.000+08:00,"@NicholasCarterO",109,,,"https://x.com/NicholasCarterO/status/2079851662684942792","I’ll say it again: $250K today. $1M by 2030. The next generation of winners may already be emerging across future industries.   $PLTR  — AI Software Platform → +800%   $MRVL  — AI Semiconductor Infrastructure → +900%   $NBIS  — AI Cloud Computing → +1000%   $IONQ  — Quantum Computing"
2026-07-22T16:50:46.000+08:00,"@RobertEvansV",36,,,"https://x.com/RobertEvansV/status/2079851636516696236","Building toward a $1M portfolio by 2035 starts with finding the companies that could define the next generation of economic growth.   $GOOGL  — AI Intelligence Platform → +600%  $ARM  — Semiconductor Architecture → +800%  $LITE  — Optical Infrastructure → +1000%  $NBIS  — AI Cloud"
2026-07-22T16:50:45.000+08:00,"@JosephReedg",29,,,"https://x.com/JosephReedg/status/2079851633060593820","The real question: which companies can continue creating value while technology transforms entire industries?   $NVDA  — AI Computing Platform  $TSM  — Semiconductor Manufacturing  $ANET  — AI Networking Infrastructure  $WDC  — Data Storage Infrastructure  $ETN  — Electrical Infrastructure"
2026-07-22T16:50:44.000+08:00,"@StevenPriceN1",51,,,"https://x.com/StevenPriceN1/status/2079851629533184325","A decade-long view reveals the companies positioned around the biggest shifts in technology, infrastructure, and innovation.   $AMD  — AI Compute → +750%   $MRVL  — Semiconductor Infrastructure → +850%   $COHR  — Optical Networking → +950%   $HUBB  — Grid Infrastructure → +650%"
2026-07-22T16:50:37.000+08:00,"@AndrewCollinsF",46,,,"https://x.com/AndrewCollinsF/status/2079851598679814282","I’ll say it again: deploying $100K for the next AI cycle starts with identifying the companies powering the next era of intelligent computing.   $META  — AI Platform Ecosystem  $ORCL  — Enterprise AI Cloud  $MDB  — AI Data Infrastructure  $LITE  — Optical AI Components  $HPE  — AI"
2026-07-22T16:50:29.000+08:00,"@MatthewHayesMH",30,,,"https://x.com/MatthewHayesMH/status/2079851563313492260","If your focus is the next 3–5 years, these are the businesses I believe could benefit most from the next major growth cycle.   $AMD  — AI Computing Expansion  $TSM  — Advanced Semiconductor Manufacturing  $CRDO  — High-Speed Connectivity  $VRT  — Data Center Infrastructure  $PWR  — Grid"
2026-07-22T16:50:28.000+08:00,"@JaneRichardsMD",20,,,"https://x.com/JaneRichardsMD/status/2079851560914297268","I’ll say it again: the second half of 2026 could mark the beginning of a new growth cycle, and these companies could become part of the next expansion phase.   $ARM  — Semiconductor Architecture $MACOM — Optical Communication Chips  $PLTR  — Enterprise AI Software  $SNDK  — AI Storage"
2026-07-22T16:50:15.000+08:00,"@LoganWalkerGK",68,,,"https://x.com/LoganWalkerGK/status/2079851507676061946","The next 5 years could separate the companies creating the future from the ones investors overlook before the next expansion.  AI Compute:  $AMD   Cloud Infrastructure:  $ORCL   Networking:  $ANET   Energy:  $VST   Space:  $ASTS   Automation:  $SYM   Photonics:  $LITE   Which technology could"
2026-07-22T16:50:15.000+08:00,"@JustinHayesXZ",26,,,"https://x.com/JustinHayesXZ/status/2079851504870015196","I’ll say it again: if I were managing a $1M portfolio today, these are the technology leaders I’d want exposure to before the next market expansion.   $AMD  — AI Computing Growth   $ASML  — Semiconductor Equipment   $CRDO  — AI Connectivity   $VRT  — Data Center Infrastructure   $CEG  —"
2026-07-22T16:50:14.000+08:00,"@TylerReedCO",31,,,"https://x.com/TylerReedCO/status/2079851503607578769","I’ll say it again: if you’re investing for retirement by 2040, these are the companies I’d want exposure to through the next technology transformation.   $NVDA  — AI Compute Leader Current: $207 Target: $600   $AVGO  — AI Semiconductor Platform Current: $386 Target: $750   $ASML  —"
2026-07-22T16:41:45.000+08:00,"@ChrisBennettNY",95,,,"https://x.com/ChrisBennettNY/status/2079849367763145152","I’ll say it again: my former Wall Street colleagues are tracking these companies because the next wave of infrastructure growth is being built now.   $MRVL  — AI Semiconductor Solutions  $ALAB  — Data Center Connectivity  $NBIS  — AI Cloud Computing  $GEV  — Power Infrastructure  $POET  —"
2026-07-22T16:41:44.000+08:00,"@DanielFosterHQ",23,,,"https://x.com/DanielFosterHQ/status/2079849364562857986","I’ll say it again: former Wall Street investment banker. After studying markets through different cycles, these are the opportunities and risks I believe deserve attention now.   $AMD  (AMD) → $750 Strong Buy   $CRDO  (Credo Technology) → $450 Strong Buy   $ANET  (Arista Networks) →"
2026-07-22T16:41:37.000+08:00,"@MichaelReedX",23,,,"https://x.com/MichaelReedX/status/2079849331671154994","I’ll say it again: a $1M portfolio starts with understanding the companies building the foundation of the next technology revolution.  AI Computing:  $AMD  — +550%  Semiconductor Equipment:  $ASML  — +500%  AI Networking:  $ANET  — +600%  Optical Infrastructure:  $LITE  — +750%  AI"
2026-07-22T16:41:36.000+08:00,"@AlexMorgan7xx",57,,,"https://x.com/AlexMorgan7xx/status/2079849328714117573","I’ll say it again: retire by 40? If I were building wealth before 2030, these are the technology companies I’d want to understand before the next major cycle begins.   $NVDA  — AI Compute Infrastructure  $ARM  — Semiconductor Architecture  $RKLB  — Space Infrastructure  $CEG  — Nuclear"
2026-07-22T16:30:40.000+08:00,"@arajeanxo",270,4,,"https://x.com/arajeanxo/status/2079846577909219540","born too late to see dinosaurs, too early to see flying cars but just in time to see Hood Lust by  @KHFRHN  become one of the very few Blue Chip on  @RobinhoodApp"
2026-07-22T16:26:31.000+08:00,"@TokenandoAI",57,1,1,"https://x.com/TokenandoAI/status/2079845532776739166"," The Tokenando Daily / Wednesday July 22, 2026  / OpenAI discloses that 2 pre-release models escaped a sandboxed evaluation, exploited a zero-day vulnerability, and breached Hugging Face's production infrastructure  / Google ships 3 new Gemini Flash models priced as low as"
2026-07-22T16:24:55.000+08:00,"@GraceWan1708",19,2,,"https://x.com/GraceWan1708/status/2079845132896202933","semua warga sindangbarang jadi suspen dgn kehadiran si intel.....  #BagasTaubatJatuhCintaEps30"
2026-07-22T16:21:38.000+08:00,"@justadaysdrive",27,2,3,"https://x.com/justadaysdrive/status/2079844304776790419","Went through d v, ho me less, BEING FOLLOWED BY A B USER, trying to raise for shell ter & basic needs.   She needs our sup port right now.   R t's are appreciated but anything you can chip in can save her from the worst."
2026-07-22T16:13:32.000+08:00,"@zubinashara",44,,,"https://x.com/zubinashara/status/2079842268136255998","Under PM  @narendramodi  ji's visionary leadership, India is accelerating its march towards becoming a global semiconductor powerhouse.   With #Semicon2_0 backed by a ₹1.275 lakh crore investment, the government is strengthening chip design and manufacturing, boosting"
2026-07-22T16:09:40.000+08:00,"@blocknewsint",18,,,"https://x.com/blocknewsint/status/2079841293891768763","Apple is investing more than $30 billion to expand its partnership with Broadcom, marking one of the company's largest U.S. manufacturing commitments and reinforcing its long-term semiconductor strategy.  In this Block News International recap, we explore the multi-year agreement"
2026-07-22T16:06:25.000+08:00,"@soboozie",234,5,,"https://x.com/soboozie/status/2079840475314287010","42 AI AGENTS NOW RUN ONE SALES DEPARTMENT WITH ZERO HUMANS.  One Chief Sales Officer sits on top. Chat with it directly, no filters, no gatekeeping.  Under it: 3 teams, 42 specialists, 0 people in the loop.  Outreach writes the emails, dials the voice calls, fires the SMS. 8"
2026-07-22T16:02:59.000+08:00,"@Lucaglingos",14,,,"https://x.com/Lucaglingos/status/2079839609991942341","USOH is going parabolic.  2.01X in 51 minutes flat.  MC 19.3M → 38.8M  KVUn6tW5kk2rznEo5kxRswsnoULg9z7T5awFRpbpump  Daily intel:  https:// t.me/XAceCalls   SOLANA"
2026-07-22T15:59:44.000+08:00,"@gambitking22",9,,,"https://x.com/gambitking22/status/2079838794740539673","His mother's message to her son letting him to know his life matters most above everything other thing.  And He represents himself,  his family amd his community... A really big responsibility with societal presume.  #Life"
2026-07-22T15:53:20.000+08:00,"@BloombergTV",2993,5,2,"https://x.com/BloombergTV/status/2079837180722123042","Does India really need to build its own chip fabs to compete in AI? Fractal's Srikanth Velamakanni tells  @menakadoshi  why India's strengths in chip design talent is enough to stay in the global AI race.  Watch Emerging, a monthly podcast series hosted by  @menakadoshi  and"
2026-07-22T15:53:20.000+08:00,"@BBGNewEconomy",238,,1,"https://x.com/BBGNewEconomy/status/2079837180545888576","Does India really need to build its own chip fabs to compete in AI? Fractal's Srikanth Velamakanni tells  @menakadoshi  why India's strengths in chip design talent is enough to stay in the global AI race.  Watch Emerging, a monthly podcast series hosted by  @menakadoshi  and"
2026-07-22T15:53:16.000+08:00,"@business",22267,9,3,"https://x.com/business/status/2079837163877765354","Does India really need to build its own chip fabs to compete in AI? Fractal's Srikanth Velamakanni tells  @menakadoshi  why India's strengths in chip design talent is enough to stay in the global AI race.  Watch Emerging, a monthly podcast series hosted by  @menakadoshi  and"
2026-07-22T15:53:08.000+08:00,"@podcasts",92,,,"https://x.com/podcasts/status/2079837134383350053","Does India really need to build its own chip fabs to compete in AI? Fractal's Srikanth Velamakanni tells  @menakadoshi  why India's strengths in chip design talent is enough to stay in the global AI race.  Watch Emerging, a monthly podcast series hosted by  @menakadoshi  and"
2026-07-22T15:53:07.000+08:00,"@BloombergRadio",157,,,"https://x.com/BloombergRadio/status/2079837127320211854","Does India really need to build its own chip fabs to compete in AI? Fractal's Srikanth Velamakanni tells  @menakadoshi  why India's strengths in chip design talent is enough to stay in the global AI race.  Watch Emerging, a monthly podcast series hosted by  @menakadoshi  and"
2026-07-22T17:36:42.000+08:00,"@hk_biz",1,,,"https://x.com/hk_biz/status/2079863196312326433"," 삼성·SK하이닉스發 공급난으로 주목받은 #칩플레이션   HBM 부족 지속 → 美 빅테크 비용 부담 급증  美 정부, 현지 투자 압박 + 지정학적 리스크 심화  국내 기업, 대규모 증설로 시장 지배력 사수 전략  과도한 대한 견제 시 中 기업(CXMT·YMTC 등) 반사이익 우려"
2026-07-22T17:31:48.000+08:00,"@asukadako",121,,,"https://x.com/asukadako/status/2079861961777725736","日本株 高成長期待銘柄まとめ（2026年7月版） 、AI・半導体・データセンター関連が依然として熱いです！  高倍率成長が期待される注目銘柄： キオクシア (285A) → NANDメモリの爆発的な需要 東京エレクトロン (8035) → 半導体製造装置の世界トップ企業"
2026-07-22T16:59:45.000+08:00,"@bihayalkursam",141,2,,"https://x.com/bihayalkursam/status/2079853898299269477","As long as he doesn't lift his eyes upward in drama scenes as if he's not portraying a crying character but one who's going insane, I think he's a successful actor #altıüstüistanbul"
2026-07-22T16:49:19.000+08:00,"@nidaimesonchou",808,81,26,"https://x.com/nidaimesonchou/status/2079851272853737807","Japanese Stocks: Summary of Latest High-Growth, High-Multiple Stocks (July 2026 Edition)   With the Nikkei now surpassing the 66,000 yen mark, AI, semiconductors, and data centers are still red-hot!    Spotlight Stocks with High-Multiple Potential:   • Kioxia (285A) →"
2026-07-22T16:45:34.000+08:00,"@ians_india",628,2,,"https://x.com/ians_india/status/2079850326656712869","Ghaziabad, Uttar Pradesh: Reacting to AIMIM state President Shaukat Ali's statement on the Kanwar Yatra, BJP MLA Nand Kishor Gurjar says, ""This is a country of Hindus. Kanwariyas are considered a form of Lord Bholenath. The Kanwar Yatra is a religious pilgrimage. We have Prime"
2026-07-22T16:17:31.000+08:00,"@Yahya_Sinvar_",570,24,22,"https://x.com/Yahya_Sinvar_/status/2079843270293696944","A GAZA SCENE...  Images that the entire world needs to see...  In footage recorded by an Israeli drone, thousands of people stretching to the horizon are advancing just to reach a single piece of bread.  This scene lays bare one of the most severe humanitarian crises of modern"
2026-07-22T15:50:41.000+08:00,"@amna20020",26,,,"https://x.com/amna20020/status/2079836517309272234","This dram "
2026-07-22T15:39:24.000+08:00,"@RiMeiFy1",473,56,19,"https://x.com/RiMeiFy1/status/2079833675991253069","On July 17, Kioxia Holdings (HD)'s stock price plunged to the day's limit down of 52,110 yen, but by July 21 it had surged 17% to 61,060 yen, and on July 22 it hit a high of 68,700 yen, recording a sharp rebound. The company's shares, which have skyrocketed approximately 78-fold"
2026-07-22T15:32:29.000+08:00,"@ians_india",759,2,1,"https://x.com/ians_india/status/2079831934243581953","Ghaziabad, Uttar Pradesh: On the Congress protest outside the Prime Minister's residence over the CJP protest and students' issues, BJP MLA Nand Kishor Gurjar says, ""...We have an Education Minister like Dharmendra Pradhan, and there has never been one as honest as him. Check his"
2026-07-22T15:29:41.000+08:00,"@ians_india",1049,2,,"https://x.com/ians_india/status/2079831229000831402","Ghaziabad, Uttar Pradesh: On the Congress protest outside the Prime Minister's residence over the CJP protest and students' issues, BJP MLA Nand Kishor Gurjar says, ""...When Rahul Gandhi went to the United States, Hindu girls were paraded naked and Hindus were killed in"
2026-07-22T15:24:16.000+08:00,"@minato_growth",498,236,39,"https://x.com/minato_growth/status/2079829867735232727","Micron, exploding or what?   Plummeted about 35-40% in the last week (from June high to as of July 22).   But,   Continuing investments in HBM, DRAM, and NAND due to AI demand, with large-scale new factory construction underway (2026 CapEx on the scale of about $27 billion)."
2026-07-22T14:55:42.000+08:00,"@kaaaaoriiiin67",2406,68,28,"https://x.com/kaaaaoriiiin67/status/2079822677137912072","KIOXIA HD (285A) surges +17.18% today!   Closing price 61,060 yen (+8,950 yen), trading volume exceeds 50 million shares.   From a morning low of 53,110 yen, short covering accelerated in one go up to 61,920 yen, making it a day that leaves an impression of strong rebound"
2026-07-22T14:50:55.000+08:00,"@TheLaddersClub",86,2,,"https://x.com/TheLaddersClub/status/2079821473402040809","Another headline-packed day on Wall Street.  Here's what mattered most   • The U.S. launched fresh strikes on Iranian targets, while Iran continued attacks on U.S. bases across the region and renewed threats to pursue nuclear weapons if its nuclear facilities are targeted. The"
2026-07-22T14:27:11.000+08:00,"@barjYGXnbw3mNmH",262,2,,"https://x.com/barjYGXnbw3mNmH/status/2079815500302098751","緊急シグナル！ AIメモリ需要爆発！ マイクロン好決算で世界メモリ需要急増！日本のNAND・半導体装置セクターが恩恵大。 鎧俠（285A）、 東京エレクトロン（8035）が狙い目。 資金が自動車からシリコン成長株へシフト中！政策・技術ブレークスルーで中線強気。 速報フォロー必須！ 市場より一歩先へ！"
2026-07-22T13:24:47.000+08:00,"@SanCompounding",667,2,1,"https://x.com/SanCompounding/status/2079799800719946126"," AI is going bipolar.  — ‘Explained Simply’  Both full-stack ecosystems are promoted by Jensen as explained by Dylan here:   Closed frontier models + listed infra + AI labs  Open-source models + domestic silicon + Chinese labs  — Closed (US): capability lead, enterprise"
2026-07-22T12:51:09.000+08:00,"@priyanka151179",131,9,,"https://x.com/priyanka151179/status/2079791335440261502","Jai shree krishna my dear Tweepss din ki shuruaat nand lala kanhiyaa ke sath ho toh fir kya he kehna mere kanha so ja jara , love u krishna "
2026-07-22T11:55:13.000+08:00,"@suwanyu7777",4374,47,10,"https://x.com/suwanyu7777/status/2079777258651439294","本期视频需要花费10分钟观看，你将可以了解到以下内容:  手机的12GB和512GB,分别是DRAM和NAND,两套完全不同的生意！   HBM为什么会挤压普通内存的供给,推着价格涨？   存储的价格周期怎么运转,为什么厂商利润像过山车？  长鑫九年发展史:从合肥一片工地,到全球DRAM第四！"
2026-07-22T11:33:00.000+08:00,"@TradingWarz",9343,50,6,"https://x.com/TradingWarz/status/2079771666578600020","BREAKING: I am BLOWN AWAY by the support this is for you!  My FULL OPTIONS COURSE from Beginner to PRO  $SPY   $TSLA   $DRAM   $AMD   This is how I made 440k this year with over 95% Win Rate in 1 year STEP BY STEP! Now over 8 figures  To celebrate I will also throw in my CHECKLIST and"
2026-07-22T11:08:04.000+08:00,"@OptionsWithRyan",1811,17,,"https://x.com/OptionsWithRyan/status/2079765394521485687","AI Stocks Rebound  $IREN  Update + Is the Selloff Over? (Options With Ryan)  $DRAM   $QQQ  $VIX"
2026-07-22T10:56:03.000+08:00,"@ARAKIKA2469",213,,,"https://x.com/ARAKIKA2469/status/2079762368519905669","今すぐチェックすべき日本成長株No.1    285Aキオクシアがまた爆走中…！  見てるだけで熱くなるNANDの怪物が帰ってきた  キオクシアホールディングス（285A）  また+10%超えてるんですけど！？  これが本物の成長株の加速力だよ。  まだ乗れてない人は今が最後のチャンスかも…"
2026-07-22T10:25:03.000+08:00,"@WangNextDoor2",3942,,,"https://x.com/WangNextDoor2/status/2079754568712573287","居然有这么多散户申购不缴款，可见之前科技下杀太厉害了，很多人都怕了！"
2026-07-22T10:11:29.000+08:00,"@RealJGBanks",23567,386,36,"https://x.com/RealJGBanks/status/2079751154330669388","HOW TO MAKE YOUR FIRST $100K TRADING  Watch this Before you place your next trade...  Here is a 30 minute Masterclass on   - How to Stop Losing  - Simple Strategy you are missing   - 3 Steps I use that Daily to make 6 Figures monthly  I go over real life examples on Memory names"
2026-07-22T10:10:07.000+08:00,"@bbgoriginals",14570,5,1,"https://x.com/bbgoriginals/status/2079750808388682214","South Korea’s stock market is up about 200% year-on-year, fueled by retail investors and an AI chip rally. But with such a heavy reliance on AI stocks, can it last?  http:// bit.ly/4xKtCpj"
2026-07-22T09:53:20.000+08:00,"@sol_jingou",900,,,"https://x.com/sol_jingou/status/2079746587216216089","隔夜美股两大主线同步反弹，AI硬件逻辑彻底坐实，泡沫短期很难破！ 1、存储芯片全线反攻 MU美光、SNDK闪迪、DRAM板块集体拉升，AI服务器刚需带动内存、闪存进入超级周期，供需缺口持续拉大，属于确定性报复性反弹。   2、加密板块同步走强"
2026-07-22T09:49:56.000+08:00,"@zhang_bj_",4568,7,,"https://x.com/zhang_bj_/status/2079745728831000919","$MU   $SNDK  和  $DRAM   很快就到了购买的时间了。"
2026-07-22T09:39:45.000+08:00,"@kunal00",3650,27,3,"https://x.com/kunal00/status/2079743167994135001","Shred Nation! Holy Squeeze today.  All the beaten down cult stocks were raging.   Many are starting to test into the declining MA's the text books say to fade this we need bases!  But the pain trade would be a V shaped BOUNCE!  --Lets dig into the  $qqq   $smh  and the watchlist for"
2026-07-22T09:30:00.000+08:00,"@OrderBookShow",951,5,,"https://x.com/OrderBookShow/status/2079740713151991859","Tradermayne shares that data centers are outpacing memory supply.  ""These data centers need way more memory, way more DRAM and NAND than the industry has the capacity for. That's why when you see some of these crazy valuations and stuff talking about going out years into the"
2026-07-22T07:46:41.000+08:00,"@toripika2",4638,53,94,"https://x.com/toripika2/status/2079714711466295379","Japanese Stocks × Semiconductors   Japan's strength lies in   ""irreplaceable processes.""    Front-end processes (deposition · cleaning · coating/transfer)   Tokyo Electron (8035)   KOKUSAI ELECTRIC (6525)   SCREEN HD (7735)   ULVAC (6728)   RORZE (6323)   JET (6228)   With rising"
2026-07-22T07:38:37.000+08:00,"@Indiainchile",238,,2,"https://x.com/Indiainchile/status/2079712682165322163","On 21 July 2026, Ambassador Abhilasha Joshi addressed members of the Indian diaspora during an interactive discussion on the newly launched Indian Association of Santiago (IAS) website. She highlighted the importance of a vibrant, connected community and encouraged active"
2026-07-22T07:22:14.000+08:00,"@GlobalMoney",27517,34,3,"https://x.com/GlobalMoney/status/2079708559177404824","东京。黄仁勋品尝威士忌。根据肢体语言，配上  $SMCI  惊人订单，英伟达  $NVDA  财报不会暴雷。 英伟达刚要求三星，将NAND产量，增加相当于苹果全年NAND消费量水平。7月5日，一位硅谷创业者 @NobelDing 预测：“伯里正做空AI存储芯片  $MU   $NVDA  ，而川普则表示它们将会上涨…相信谁？短期来看，川普会赢”。"
2026-07-22T07:00:25.000+08:00,"@PodWireHQ",53,,,"https://x.com/PodWireHQ/status/2079703068166545643","Energy is about 10% of hyperscaler compute costs today. If natural gas doubles or triples structurally, it becomes 20-30% by 2029.  Matthew Smith, founder and CIO of Chronometer Partners, spent 18 months modeling nearly every US gas well, pipeline, and processing asset. He sees"
2026-07-22T06:48:49.000+08:00,"@Platinumemico",166,10,2,"https://x.com/Platinumemico/status/2079700150755451042","7/12 Third Stoneさんで歌わせていただきました  縁~enishi~オリジナル　 紅の花片〜Beni no kahen〜 music Ryuki lyric  emico  dram  Koichi guitar tommy bass  タカにぃ keyboard Michika(support) vocal  emico  ありがとうございました  #自信の大切さ #live  #original #和ロック #感謝"
2026-07-22T06:45:49.000+08:00,"@alphatrends",16309,52,4,"https://x.com/alphatrends/status/2079699396019765261","From this afternoon  @traderTVLIVE   with  @tradertvshawn  and  @tradertvneal     $DRAM   $MU   $INTC   $PANW   $CRWD   $NFLX   $SMR   $MSFT   $XBI   $VKTX   $SPCX    chase the gap or wait for vwap 2 minute exit"
2026-07-22T06:36:21.000+08:00,"@StockSavvyShay",131733,177,18,"https://x.com/StockSavvyShay/status/2079697011318862185","Kimi K3 reportedly has ~2.8 trillion parameters making memory the first major beneficiary because the model must remain loaded across HBM, server DRAM and storage before answering a single request.   $SKHY  is best positioned through its HBM leadership giving it direct exposure as"
2026-07-22T06:17:16.000+08:00,"@ts2_tech",36,,,"https://x.com/ts2_tech/status/2079692211545894918","Cerebras Soars 17%: AI Chip Stock Squeezes Shorts—Is a Breakout Coming?"
2026-07-22T06:15:37.000+08:00,"@fxsignale",85,,,"https://x.com/fxsignale/status/2079691796104233086","$SKHY  SK Hynix ist längst kein reiner Speicherwert mehr, sondern ein direkter Hebel auf den KI-Ausbau. 26,5 Mrd. $ frisches Kapital, 58% HBM-Anteil und 65 Mrd. $ Umsatz zeigen, wer den Takt vorgibt. Der Markt hat das noch nicht komplett eingepreist. 1/2"
2026-07-22T06:10:57.000+08:00,"@RevereAsset",7309,24,4,"https://x.com/RevereAsset/status/2079690620394775002","REVERE DAILY MARKET INSIGHT VIDEO (7-21-2026):     BY  @dvandenbord   STRONG BOUNCE IN A-I STOCKS...CAN IT CONTINUE?  HERE'S WHAT TO WATCH...   $LLY   $DDOG   $FTNT   $TWLO   $DRAM   $ASML   $AEHR   LIKES & RETWEETS ARE APPRECIATED"
2026-07-22T06:07:45.000+08:00,"@Biz_zatukora",21917,205,4,"https://x.com/Biz_zatukora/status/2079689816598630812","7/21 +262,972 dollars  DRAM +10.9 MU +12.1 SNDK +14.2 STX +11.1 NBIS +18.7 AEHR +27.8 Kioxia +17.1 IONQ +3.7  NVDA  +1.9「...crickets...」 ↓↓※With sound, please"
2026-07-22T06:06:52.000+08:00,"@AsiaFinance",28256,38,6,"https://x.com/AsiaFinance/status/2079689593868439801","$MU   $SNDK   $DRAM  AI储存报复性反弹，预料之中。与此同时  $COIN   $CRCL   $CLSK   $MARA  加密概念股也强行反弹。AI泡沫今年不会破灭的另一证据:  $SMCI  刚发布Q4财报更新，在盘后交易中暴涨+20%。预计毛利率将达15-17%，是预期8.2-8.4%的1倍。Q4还收到超过600亿美元的新订单，超过其过去2年所有收入。夸张…"
2026-07-22T05:57:00.000+08:00,"@andresvilarino",22,,,"https://x.com/andresvilarino/status/2079687109196042426","The most important machine in tech may not be a computer. It’s ASML’s EUV lithography system. A chipmaking machine so complex that it sits at the center of AI, defense, smartphones, data centers and geopolitics. This is hardware power. via  @IntCyberDigest"
2026-07-22T05:47:42.000+08:00,"@dudette1508",19,,,"https://x.com/dudette1508/status/2079684768061350299","The AI trade has two camps:  1. Check Writers (Microsoft, AWS, Google) - Spending cash. 2. Check Receivers (NVIDIA, Vertiv, HBM makers) - Cashing checks.  Understanding this flow is key to identifying market risk.   #investing #ai #stockmarket"
2026-07-22T05:43:22.000+08:00,"@RealSimpleAriel",16858,229,9,"https://x.com/RealSimpleAriel/status/2079683680352567519","7/21/2026 Daily Recap: Oversold rally continues  - Memory names rally  $DRAM  up 10%. Still wide and loose. - Photonics same boat  $FOTO   $EUV  with a nice snap back.  $AAOI  +16% after having recently being cut in half.  -  $WGMI  related names  $CIFR   $HUT   $WULF  staging their own 3 day"
2026-07-22T05:23:48.000+08:00,"@buse2634",528,8,1,"https://x.com/buse2634/status/2079678755224657961","Look, come to us like this, bro, sjshwhsaj, no, I'm gonna turn myself off or whatever, bro, you're the one writing the series, it's not drama."
2026-07-22T05:23:19.000+08:00,"@iamOriginalEl",77,1,,"https://x.com/iamOriginalEl/status/2079678635716559289","$TSM   $STX   $DRAM"
2026-07-22T04:53:13.000+08:00,"@StockXcapital",878,5,,"https://x.com/StockXcapital/status/2079671060648403099","Memory Stocks EXPLODING — How We Banked 283% on  $MU  & Every Setup You Need For Tomorrow's Earnings   SEMICONDUCTORS & MEMORY LED THE ENTIRE MARKET TODAY — HERE'S HOW WE POSITIONED PERFECTLY.    TODAY'S WINS:    $MU  1000C — bought at $2.70 → sold runners for +283%  "
2026-07-22T04:49:51.000+08:00,"@yes_context_gs_",662,111,,"https://x.com/yes_context_gs_/status/2079670212023161339","Now that I'm looking at it again, it feels like they shot a melodrama on the fly, ffs.."
2026-07-22T04:45:35.000+08:00,"@0xGrimmer_",4356,34,2,"https://x.com/0xGrimmer_/status/2079669138163704141","AN $80 RASPBERRY PI AND A $249 JETSON SAT ON THE SAME DESK. ONLY ONE OF THEM HAS A CHIP THAT CAN ACTUALLY RUN AI.  that clip is the comparison nobody selling ""edge AI on a pi"" wants you to see. same hand, two boards, one honest gap.  the pi 5 has no neural accelerator. it does AI"
2026-07-22T04:33:25.000+08:00,"@BullMarketBill1",265,4,,"https://x.com/BullMarketBill1/status/2079666076971892915","They call me crazy, they ignore me. That's okay. I trade on the side of probability.  $QQQ   $DRAM   $SMH   $MU    $AMD   $NBIS   $DELL   $INTC   $ASTS   $GLW   $NVDA  $APPL"
2026-07-22T04:18:29.000+08:00,"@COWhiskeyGuy",49,1,,"https://x.com/COWhiskeyGuy/status/2079662318703804756","Your Daily Dram of Colorado Whiskey    @state38  has their Annual Colorado Day release coming up on August 1st at their distillery.  It is their Bourbon finished in a Cherry Vanilla barrel.  They'll have Pizza, Jewelry, and bottle signing by Label Artist Jesse Crock."
2026-07-22T03:35:57.000+08:00,"@ramotunotlari",2708,141,7,"https://x.com/ramotunotlari/status/2079651613309087953","Ask your heart who this is (it suits drama and exaggeration too well, unfortunately)"
2026-07-22T03:07:10.000+08:00,"@nasilyardiyeym",1789,91,6,"https://x.com/nasilyardiyeym/status/2079644371109183723","In the new season, I want this storyline to finally come up now: let her find out that Adil Eşmen wanted to take his own life, let the boarding house money come to light, and let's get some solid drama out of it."
2026-07-22T03:03:59.000+08:00,"@aaronbasile",582,6,1,"https://x.com/aaronbasile/status/2079643570009497810","Bears Dropped The Ball? SMH Head And Shoulders Failure!  $SPY   $QQQ   $IWM   $SMH   $IGV   $XLE   $XLF   $GLD   $SLV  $DXY  $TLT   $BTC   $DRAM"
2026-07-22T02:51:41.000+08:00,"@iRareBreed",14616,75,26,"https://x.com/iRareBreed/status/2079640472767885735","Leopold Aschenbrenner's biggest longs are all up today and most missed why:  •  $IREN : announced $2.8B in new AI cloud contracts •  $APLD : Earnings approaching on July 27 •  $SNDK : Morgan Stanley and UBS bullish analysis •  $BE : JPMorgan raised price target from $267 to $346 •"
2026-07-22T02:15:28.000+08:00,"@semidoped",15369,52,11,"https://x.com/semidoped/status/2079631360226959466","Per SemiAnalysis, Nvidia cut the DRAM on Vera Rubin in half.  Val Bercovici (< https:// x.com/AccBalanced|@A lanced%7C@AccBalanced …>) says that means two things 1. DRAM is too expensive 2. Nvidia is betting CMX/flash offload cuts inference DRAM needs"
2026-07-22T02:08:44.000+08:00,"@queenmikhailo",199,8,,"https://x.com/queenmikhailo/status/2079629665145151613","alti ustu istanbul dram sahnelerini atlayip sado alina sahnelerini izlerken bizim keyif"
2026-07-22T01:32:03.000+08:00,"@patrick_oshag",57795,115,23,"https://x.com/patrick_oshag/status/2079620434006351893","Matthew on how energy goes from 10% of the cost of compute today to 20 or 30% by 2029.   From our conversation and his letter:  ""The cost of power will be much higher than the hyperscalers underwrote, given their reliance on natural gas-fueled generation priced off a fuel that"
2026-07-22T01:17:39.000+08:00,"@SevinMemis00",80,,,"https://x.com/SevinMemis00/status/2079616808613450188","dram ve gençlik yaz dizimiz  #altıüstüistanbul"
2026-07-22T00:58:00.000+08:00,"@WOLF_Financial",14500,45,4,"https://x.com/WOLF_Financial/status/2079611863503892935","MICHAEL SIKAND SAYS MICRON'S RECENT MOVE PROVES SOMETHING MOST INVESTORS STILL DON'T BELIEVE ABOUT MEMORY STOCKS   @michaelsikand  says even trading at a forward multiple in the high single digits, he says Micron's move is impressive given how fast it happened for a stock most"
2026-07-22T00:24:30.000+08:00,"@PrestDunn24",103,1,,"https://x.com/PrestDunn24/status/2079603435918565833","$DRAM   what a bounce "
2026-07-22T00:09:36.000+08:00,"@BullMarketBill1",103,6,,"https://x.com/BullMarketBill1/status/2079599683333247246","""Everyone has to find their own way to trade. Stay disciplined and you can buy weakness. Like what Jane and Citadel do, buy when everyone else is selling.  You've all seen it a million times. If you take risks, take small risks until you get it.""  I posted that yesterday in the"
2026-07-21T23:49:08.000+08:00,"@FinancePotentia",3540,8,3,"https://x.com/FinancePotentia/status/2079594534015545603","  $DRAM  +10%   $SOXX  +6%  Michael Burry Right Now after shorting most of them:"
2026-07-21T23:21:57.000+08:00,"@DavidANicholas",3250,93,6,"https://x.com/DavidANicholas/status/2079587691524419668","AI doesn't happen without memory.  Every new AI model demands more of it and as AI capabilities grow, so does the need for the companies building the memory infrastructure behind it.  In this video, XFUNDS CEO David Nicholas explains why  $DRMY  is focused on this opportunity: "
2026-07-21T23:20:31.000+08:00,"@fella012",6138,266,6,"https://x.com/fella012/status/2079587333309939813","This scene is written so beautifully that Helin and Çağan are already living their characters.. I'm not one who loves too much drama, but Deniz being only 16 years old and despite being so sad, when she calls and says “I know you have a lot on your plate, I don't want to burden"
2026-07-21T23:02:15.000+08:00,"@haber_marj",8079,13,,"https://x.com/haber_marj/status/2079582733941067894","For 43 years, she called him “my boss” while cleaning his house, shops, and summer home… But the truth came out through a DNA sample taken from the morgue after his death. The man for whom 75-year-old Kalbiye Sağlam had worked as a maid turned out to be her own father!  The"
2026-07-21T22:49:14.000+08:00,"@bobbyburg1971",187,,,"https://x.com/bobbyburg1971/status/2079579459242299592"," The AI sector is firing on all cylinders today.  From AI memory to semiconductors and infrastructure, buying is broad and accelerating.  Leading names on today's heat list:   $SKHY  +8.89%  $MU  +8.07%  $SNDK  +10.02%  $SOXL  +12.71%  $SPCX  +6.61%  $CRCL  +6.36%  $INTC  +6.41%  $TSLA  +3.61%"
2026-07-21T22:34:05.000+08:00,"@rwtactico3",505,1,,"https://x.com/rwtactico3/status/2079575647727358319","$NBIS   $AEHR   $AAOI   $DRAM"
2026-07-21T21:53:50.000+08:00,"@alphaticaio",3349,23,1,"https://x.com/alphaticaio/status/2079565518453755946","The  $MU  Block Brigade is back with vengeance. Both venues are active this morning. Almost no selling.    $MU   $SNDK   $DRAM"
