timestamp,handle,displayName,followers,accountType,region,country,sentiment,sentimentScore,likes,retweets,replies,tweetUrl,text
2026-07-11T01:31:39.000+08:00,"@aleabitoreddit","Serenity","881.1K","amplifier","International","International",negative,-8.081,112,9,18,"https://x.com/aleabitoreddit/status/2075634064518955297","Rosenblatt on recent optical sector weakness from  $AAOI  to  $LITE :  ""Stocks in the Optical sector have traded poorly for the last 1-2 months"" due to CPO delay reports and China capacity scares.  ""We think short sellers... do not actually strongly believe in the thesis.""  Multiple"
2026-07-11T00:10:17.000+08:00,"@aleabitoreddit","Serenity","881.1K","amplifier","International","International",positive,3.291,25,,3,"https://x.com/aleabitoreddit/status/2075613590955106581","Hmm, maybe the influx of US buying pressure might have have a structural impact though?   But I'm sure that's probably the case with a premium as seen with  $TSM ."
2026-07-11T00:08:53.000+08:00,"@aleabitoreddit","Serenity","881.1K","amplifier","International","International",positive,5.984,79,4,12,"https://x.com/aleabitoreddit/status/2075613235756294559","Yep I'm very excited for the $SIVE US listing. Majority of people can't access it on small Swedish exchanges."
2026-07-11T00:01:02.000+08:00,"@aleabitoreddit","Serenity","881.1K","amplifier","International","International",negative,-4.574,663,47,176,"https://x.com/aleabitoreddit/status/2075611260771852590","Sk Hynix is now trading under $SKHYV!  It's now up an insane 16%.  I wonder how Sk Hynix over in Korea is going to react on Monday."
2026-07-11T01:47:25.000+08:00,"@zephyr_z9","Zephyr","156.4K","amplifier","South Korea","South Korea",neutral,0,24,1,1,"https://x.com/zephyr_z9/status/2075638034918474093","BRUH"
2026-07-11T00:01:35.000+08:00,"@zephyr_z9","Zephyr","156.4K","amplifier","South Korea","South Korea",neutral,0,180,7,7,"https://x.com/zephyr_z9/status/2075611398558843295","Fable 5.1 will probably release soon"
2026-07-11T02:38:08.000+08:00,"@dylan522p","Dylan Patel","140K","competitor","International","International",positive,6.705,4,,3,"https://x.com/dylan522p/status/2075650798139183557","We never do paid for reports. We call what we see. We are truth seeking it's why people care what we say."
2026-07-11T01:21:39.000+08:00,"@fabknowledge","Fabricated Knowledge","32.2K","competitor","International","International",positive,3.612,9,,,"https://x.com/fabknowledge/status/2075631548259254482","We are not allowed to buy or sell stocks in anything we write about, nor buy ETFs that are not broad market index ETFs, and take that pretty seriously"
2026-07-11T01:20:13.000+08:00,"@fabknowledge","Fabricated Knowledge","32.2K","competitor","International","International",positive,4.81,1,,,"https://x.com/fabknowledge/status/2075631191152103914","We enforce this yes"
2026-07-11T01:00:22.000+08:00,"@SemiAnalysis_","SemiAnalysis","111.4K","competitor","International","International",positive,8.689,47,2,3,"https://x.com/SemiAnalysis_/status/2075626195224285415","Correct call by NVIDIA tbh. Why “waste” wafers and GDDR on fun when Rubin pays triple? So gamers get the only GeForce cards the margin math allows: the paper ones. Enjoy the mealworm buffet, fun is a datacenter-exclusive feature this gen, and the rest of us are getting GeForced"
2026-07-11T02:52:15.000+08:00,"@pequityresearch","P Equity Research ","8,899","amplifier","International","International",neutral,0,2,,1,"https://x.com/pequityresearch/status/2075654347959030189","$CREDO  $SMTC   $APH  the big 3"
2026-07-11T02:51:58.000+08:00,"@pequityresearch","P Equity Research ","8,899","amplifier","International","International",neutral,0,1,,,"https://x.com/pequityresearch/status/2075654277008122197",""
2026-07-11T02:46:58.000+08:00,"@pequityresearch","P Equity Research ","8,899","amplifier","International","International",neutral,0,1,,1,"https://x.com/pequityresearch/status/2075653019748708727",""
2026-07-11T02:45:32.000+08:00,"@pequityresearch","P Equity Research ","8,899","amplifier","International","International",neutral,0,8,,2,"https://x.com/pequityresearch/status/2075652659013390613","Just buy anything copper and chill the next 2 years"
2026-07-11T02:44:31.000+08:00,"@pequityresearch","P Equity Research ","8,899","amplifier","International","International",positive,8.442,1,1,1,"https://x.com/pequityresearch/status/2075652403748130954","Good sign you are popular now congrats "
2026-07-11T02:42:02.000+08:00,"@pequityresearch","P Equity Research ","8,899","amplifier","International","International",positive,3.182,2,,,"https://x.com/pequityresearch/status/2075651779367207112","They sure have"
2026-07-11T02:39:40.000+08:00,"@pequityresearch","P Equity Research ","8,899","amplifier","International","International",neutral,0,2,,1,"https://x.com/pequityresearch/status/2075651182995890438",""
2026-07-11T02:00:00.000+08:00,"@pequityresearch","P Equity Research ","8,899","amplifier","International","International",positive,4.601,16,7,3,"https://x.com/pequityresearch/status/2075641202427232258","Morgan Stanley: Nvidia  $NVDA  NDR Highlights  > Company describing ""accelerating growth rates"" even as revenues approach the $100B/quarter mark.  > AI labs are 20% of total demand for Nvidia  > NVDA's share of compute has climbed from 2024 to 2026, and with both Nvidia  $NVDA  and"
2026-07-11T01:16:50.000+08:00,"@qinbafrank","qinbafrank","145.9K","amplifier","International","International",neutral,0,,,,"https://x.com/qinbafrank/status/2075630337829540202","其实不用care sa怎么说，还是看基本面逻辑。我认为meta在Ai领域还是有机会，比sa的报告还要更早一周呐"
2026-07-11T01:07:35.000+08:00,"@vikramskr","Vikram Sekar","19.5K","amplifier","International","International",neutral,0,5,,,"https://x.com/vikramskr/status/2075628010116718724","It’s weekend homework. I’ll ask questions on the next pod "
2026-07-11T01:06:12.000+08:00,"@vikramskr","Vikram Sekar","19.5K","amplifier","International","International",positive,4.201,5,,,"https://x.com/vikramskr/status/2075627660160668040","Highly recommend"
2026-07-11T01:04:40.000+08:00,"@vikramskr","Vikram Sekar","19.5K","amplifier","International","International",positive,7.257,9,2,,"https://x.com/vikramskr/status/2075627276058988609","Really enjoyed this conversation with Val ( @AccBalanced ) from  @weka  -- it's his second appearance on the pod!  Val is a treasure trove of info on memory and storage for AI, and in this 1 hour episode, we crack down all the details, and get really deep into tomorrow's AI"
2026-07-11T00:43:36.000+08:00,"@vikramskr","Vikram Sekar","19.5K","amplifier","International","International",positive,4.588,1,,,"https://x.com/vikramskr/status/2075621975264026962","I am still learning from  @dwarkesh_sp   the GOAT. I am spring chicken in the world of podcasting haha"
2026-07-11T00:42:38.000+08:00,"@vikramskr","Vikram Sekar","19.5K","amplifier","International","International",positive,6.588,2,,1,"https://x.com/vikramskr/status/2075621728915775694","Thanks for coming on the podcast! You're a treasure trove of knowledge."
2026-07-11T00:35:55.000+08:00,"@pequityresearch","P Equity Research ","8,899","amplifier","International","International",positive,2.359,64,7,,"https://x.com/pequityresearch/status/2075620041123647951","Dylan Patel  @dylan522p  on memory, CPO, and CPUs:  Memory  ""Memory capacity is only growing 20, 30% a year for the next three years. Yet, demand is doubling, memory prices are going to keep soaring. Our point there was memory isn't a shortage, and this is not a short-term"
2026-07-11T00:29:58.000+08:00,"@vikramskr","Vikram Sekar","19.5K","amplifier","International","International",neutral,0,3,,1,"https://x.com/vikramskr/status/2075618544046444720","@AccBalanced"
2026-07-11T00:28:42.000+08:00,"@qinbafrank","qinbafrank","145.9K","amplifier","International","International",neutral,0,23,3,18,"https://x.com/qinbafrank/status/2075618224486703608","SemiAnalysis说Meta超级智能部门（MSL）在未来六个月内在前沿AI领域超越谷歌。一个思考：Muse"
2026-07-11T00:26:34.000+08:00,"@insane_analyst","Irrational Analysis","40.8K","amplifier","International","International",positive,5.994,50,,4,"https://x.com/insane_analyst/status/2075617688286880068","Beautiful AI artwork as always buddy."
2026-07-11T02:42:59.000+08:00,"@wallstengine","Wall St Engine","159.1K","amplifier","International","International",positive,5.939,18,2,7,"https://x.com/wallstengine/status/2075652017239007503","OpenAI and Google are reportedly selling advanced AI model access to Singapore-based subsidiaries of Alibaba, Baidu, and Tencent, per FT.  Those Chinese companies are on the Pentagon’s 1260H list, but the sales are currently legal because U.S. AI controls do not broadly block"
2026-07-11T02:40:54.000+08:00,"@oguzerkan","Oguz Erkan","121.2K","amplifier","United States","United States",positive,6.249,10,1,12,"https://x.com/oguzerkan/status/2075651492023771231","$MSFT  will also be re-rated.  It doesn’t need to create a giant AI lab.   At some point, its internal models will be good enough to replace OpenAI and Anthropic models in Copilot deployments.  Non-cloud AI revenues will explode due to usage based pricing.  Just a matter of time."
2026-07-11T02:37:35.000+08:00,"@wallstengine","Wall St Engine","159.1K","amplifier","International","International",positive,6.249,2,,,"https://x.com/wallstengine/status/2075650658729169149","A lot of great names on the stream today."
2026-07-11T02:24:28.000+08:00,"@BSkypia59338","Moneytopia","5,800","amplifier","United States","United States",neutral,0,,,,"https://x.com/BSkypia59338/status/2075647358269030453","포토닉스는 중국이 반이상 먹고 있다해도 과언이 아니다. 내수시장만해도 엄청난데 알게 모르게 다쓰고 있는 중국 포토닉스 부품들  정식 명칭: 苏州天孚光通信股份有限公司 (Suzhou TFC Optical Communication Co., Ltd.)  2015년 선전거래소 창업판 상장 (종목코드  http:// 300394.SZ)  고속"
2026-07-11T01:37:00.000+08:00,"@wallstengine","Wall St Engine","159.1K","amplifier","International","International",negative,-4.084,158,28,15,"https://x.com/wallstengine/status/2075635414493462800","SK HYNIX CEO: MEMORY CHIP SHORTAGE MAY PERSIST PAST 2030"
2026-07-11T01:30:51.000+08:00,"@wallstengine","Wall St Engine","159.1K","amplifier","International","International",positive,6.369,26,2,7,"https://x.com/wallstengine/status/2075633867093094848","Polymarket still has Anthropic way out in front for best AI model by end of 2026."
2026-07-11T01:19:24.000+08:00,"@wallstengine","Wall St Engine","159.1K","amplifier","International","International",neutral,0,18,1,9,"https://x.com/wallstengine/status/2075630985014906905","DELTA CEO SAYS FLIERS CAN AFFORD THESE HIGHER FARES - WSJ"
2026-07-11T00:13:25.000+08:00,"@wallstengine","Wall St Engine","159.1K","amplifier","International","International",negative,-2.732,166,10,14,"https://x.com/wallstengine/status/2075614379324940507","ELON MUSK POSTPONES CNBC INTERVIEW"
2026-07-11T12:23:33.000+08:00,"@QQ_Timmy","駿HaYaO","28.6K","amplifier","Asia","Asia",neutral,0,12,1,2,"https://x.com/QQ_Timmy/status/2075798121817448880","蘋果投資300億美元美國晶片製造  蘋果公司於2026年7月8日宣布，將與博通（Broadcom）合作，在美國投資超過300億美元興建晶片製造設施，預計生產150億顆晶片，並創造數百個美國就業機會。生產基地位於科羅拉多州Fort Collins，博通將擴大當地工廠產能。"
2026-07-11T12:17:50.000+08:00,"@QQ_Timmy","駿HaYaO","28.6K","amplifier","Asia","Asia",neutral,0,1,,,"https://x.com/QQ_Timmy/status/2075796684039389339","南亞科_2026-07-10  https:// alphamemo.ai/free-transcrip ts/2141c903-96ac-4126-acbb-078fc3d4126d?from=%2Ffree-transcripts …"
2026-07-11T12:17:03.000+08:00,"@QQ_Timmy","駿HaYaO","28.6K","amplifier","Asia","Asia",neutral,0,12,,1,"https://x.com/QQ_Timmy/status/2075796485518790738","南亞科 2026年第二季（QJun26）財報重點 - 傳統型 DRAM 產能緊俏的受益者  - 營收季增 68%、年增 684%，達 26.1 億美元，創歷史新高（ATH）；為前一週期高峰的 3 倍，較上季的 1.8 倍進一步提升 - 毛利率 79.5%，季增 11.6 個百分點（前季 67.9%），年增 30.5 個百分點（2025 年第四季 49%） - 本季為"
2026-07-11T11:30:30.000+08:00,"@bubbleboi","bubble boi","88.2K","amplifier","International","International",negative,-0.772,282,1,6,"https://x.com/bubbleboi/status/2075784771175858489","Lmaoooo cheating on the interview is like cherry on top here."
2026-07-11T11:11:37.000+08:00,"@bubbleboi","bubble boi","88.2K","amplifier","International","International",neutral,0,2,,,"https://x.com/bubbleboi/status/2075780021566988614","Dw it’s out of our hands now"
2026-07-11T11:10:08.000+08:00,"@bubbleboi","bubble boi","88.2K","amplifier","International","International",neutral,0,7,,,"https://x.com/bubbleboi/status/2075779646722117639","Who said anything about public markets"
2026-07-11T10:55:41.000+08:00,"@bubbleboi","bubble boi","88.2K","amplifier","International","International",neutral,0,7,,1,"https://x.com/bubbleboi/status/2075776008976998828","Oh we are closer than you would imagine"
2026-07-11T10:55:09.000+08:00,"@bubbleboi","bubble boi","88.2K","amplifier","International","International",positive,6.697,42,1,6,"https://x.com/bubbleboi/status/2075775877418520638","I fucking love beer man"
2026-07-11T10:45:20.000+08:00,"@tculpan","Tim Culpan","18.5K","amplifier","Taiwan","Taiwan",positive,5.719,11,2,,"https://x.com/tculpan/status/2075773405090246722","Wow.  @apple  v  @OpenAI  is quite relationship breakdown. If you hope to grow your customer base in the tech/internet space, the one company you don’t wanna antagonize is Apple."
2026-07-11T10:38:14.000+08:00,"@bubbleboi","bubble boi","88.2K","amplifier","International","International",neutral,0,113,4,12,"https://x.com/bubbleboi/status/2075771617926692887","Time to go all in."
2026-07-11T09:55:02.000+08:00,"@bubbleboi","bubble boi","88.2K","amplifier","International","International",positive,2.023,12,,,"https://x.com/bubbleboi/status/2075760747955786096","There’s plenty of room at the top"
2026-07-11T09:51:18.000+08:00,"@bubbleboi","bubble boi","88.2K","amplifier","International","International",neutral,0,2,,,"https://x.com/bubbleboi/status/2075759808502992963","Etched for everything else"
2026-07-11T09:01:23.000+08:00,"@QQ_Timmy","駿HaYaO","28.6K","amplifier","Asia","Asia",neutral,0,20,1,3,"https://x.com/QQ_Timmy/status/2075747246826725861","安川電機3～5月純利益大減22% 安川電機10日公布2026年3～5月期連結決算（IFRS），純利益較去年同期減少22%，僅54億日圓，僅達市場預估平均的一半。"
2026-07-11T08:57:38.000+08:00,"@QQ_Timmy","駿HaYaO","28.6K","amplifier","Asia","Asia",neutral,0,20,,1,"https://x.com/QQ_Timmy/status/2075746299991974005","SK 海力士 CEO：存儲芯片短缺將持續至 2030 年後  SK 海力士首席執行官郭魯正（音譯）近日表示，由於人工智慧熱潮帶動強勁需求，目前存儲芯片短缺局面預計將延續至 2030 年以後。  郭魯正在紐約接受 Bloomberg"
2026-07-11T08:48:21.000+08:00,"@QQ_Timmy","駿HaYaO","28.6K","amplifier","Asia","Asia",neutral,0,16,,,"https://x.com/QQ_Timmy/status/2075743966562304353","美國放寬對阿聯酋AI芯片出口限制  特朗普政府於7月11日宣布，大幅放寬對阿拉伯聯合酋長國的先進技術出口限制，為AI芯片銷售打開大門。根據美國商務部工業與安全局新規則，阿聯酋政府及G42等特定企業，未來向英偉達、AMD、Cerebras等公司採購尖端AI芯片時，無需事先獲得美國政府許可，且不設數量上限。"
2026-07-11T08:45:01.000+08:00,"@jukan05","Jukan","155.3K","amplifier","South Korea","South Korea",positive,2.96,53,2,,"https://x.com/jukan05/status/2075743127835717998","Considering Apple’s history of stealing technology from its suppliers, this feels like poetic justice."
2026-07-11T08:40:59.000+08:00,"@jukan05","Jukan","155.3K","amplifier","South Korea","South Korea",negative,-7.252,1K,122,60,"https://x.com/jukan05/status/2075742110737936730","SK HYNIX CEO: NEXT YEAR IS EXPECTED TO BE THE WORST YEAR IN THE INDUSTRY’S HISTORY FROM A SUPPLY PERSPECTIVE — RTRS  SK HYNIX CEO: DESPITE AGGRESSIVE CAPACITY EXPANSION, MEMORY DEMAND WILL CONTINUE TO EXCEED THE COMPANY’S PRODUCTION CAPACITY OVER THE NEXT DECADE — RTRS"
2026-07-11T08:36:53.000+08:00,"@QQ_Timmy","駿HaYaO","28.6K","amplifier","Asia","Asia",neutral,0,39,2,1,"https://x.com/QQ_Timmy/status/2075741078993719562","從2026年下半年開始，隨著新一代GPU與ASIC晶片陸續進入樣品測試及量產階段，對Low-DK Gen 2的需求正急速飆升。儘管目前供應鏈已竭盡全力擴產，但受限於設備交期冗長以及良率難以提升的問題，實際產出仍遠遠無法滿足需求。  這也讓價格維持極強的韌性，坦白說，這正為下一波漲價鋪好了道路。 -----"
2026-07-11T08:36:16.000+08:00,"@jukan05","Jukan","155.3K","amplifier","South Korea","South Korea",positive,7.125,151,4,23,"https://x.com/jukan05/status/2075740924010000503","I LOVE YOU  @AletheiaCapital"
2026-07-11T08:28:50.000+08:00,"@jukan05","Jukan","155.3K","amplifier","South Korea","South Korea",positive,7.496,305,17,44,"https://x.com/jukan05/status/2075739053501370641","A highly welcome move from the White House.  The U.S. needs to release more powerful open-source models."
2026-07-11T07:38:45.000+08:00,"@bubbleboi","bubble boi","88.2K","amplifier","International","International",positive,4.019,6,,,"https://x.com/bubbleboi/status/2075726450385461273","They have a lot of smart people there already seems very LTCM to me.."
2026-07-11T06:28:56.000+08:00,"@bubbleboi","bubble boi","88.2K","amplifier","International","International",negative,-3.769,100,3,3,"https://x.com/bubbleboi/status/2075708879368003913","Whatever they are accusing Phoebe Gates of it pales in comparison to what I’ve seen people in this town say to get a check!!!"
2026-07-11T03:55:17.000+08:00,"@aleabitoreddit","Serenity","881.1K","amplifier","International","International",neutral,0,79,1,3,"https://x.com/aleabitoreddit/status/2075670213169918070","It’s architecture neutral. UHP output can be achieved with a single cw laser or multi emitter cw dfb array which is what $SIVE is doing for CPO.  Since the latter aggregate output is comparable."
2026-07-11T03:36:19.000+08:00,"@bubbleboi","bubble boi","88.2K","amplifier","International","International",neutral,0,5,,,"https://x.com/bubbleboi/status/2075665441427780013","Lmaoooooo"
2026-07-11T03:21:38.000+08:00,"@bubbleboi","bubble boi","88.2K","amplifier","International","International",positive,5.859,3,,,"https://x.com/bubbleboi/status/2075661746556272847","Paying up + pay in effort might be best overlap"
2026-07-11T03:17:39.000+08:00,"@bubbleboi","bubble boi","88.2K","amplifier","International","International",neutral,0,5,,,"https://x.com/bubbleboi/status/2075660740695089277","That’s what I was doing in Fordham road"
2026-07-11T03:17:15.000+08:00,"@bubbleboi","bubble boi","88.2K","amplifier","International","International",positive,8.678,504,28,15,"https://x.com/bubbleboi/status/2075660642288271591","“But can you attract top tier talent?”  The question should really be how good are you at identifying talented people who are less recognizable and arbitrage the labor market."
2026-07-11T03:13:29.000+08:00,"@bubbleboi","bubble boi","88.2K","amplifier","International","International",neutral,0,51,,5,"https://x.com/bubbleboi/status/2075659692903448732","Isn’t this called blitz scaling?"
2026-07-11T02:55:43.000+08:00,"@bubbleboi","bubble boi","88.2K","amplifier","International","International",positive,3.818,4,,1,"https://x.com/bubbleboi/status/2075655223910203443","Ty son"
2026-07-11T02:17:16.000+08:00,"@aleabitoreddit","Serenity","881.1K","amplifier","International","International",negative,-0.772,656,45,246,"https://x.com/aleabitoreddit/status/2075645547978084371","Regarding  $AMZN  RNG + OpenAI’s MRC and VCSELs.   In what appears to be an indirect response on B. Riley's  $AAOI  sell report regarding optimizations that ""flattens networks and cuts transceiver TAM 40-50%"".  Rosenblatt TLDR: They've already modeled for this, even though each XPU"
2026-07-11T14:01:17.000+08:00,"@damnang2","Damnang","35.4K","amplifier","United States","United States",positive,8.825,7,1,,"https://x.com/damnang2/status/2075822717656506378","You must read his handbook series  It is clear, and easy to read.  Strongly recommend!!!!!"
2026-07-11T12:04:23.000+08:00,"@LinQingV","Macro_Lin｜市场观察","51.6K","amplifier","China","China",neutral,0,47,2,3,"https://x.com/LinQingV/status/2075793298569203980","很多人讨论光，讨论铜，基本都流于表面，真正深入到技术底层逻辑的很少。AI/科技股的投资认知优势，只能从深入技术，深入技术演进的底层逻辑中来。天天刷小作文、追消息贩子的二手信息，建立不了自己的判断，只会在噪音里越来越焦虑。"
2026-07-11T10:45:11.000+08:00,"@sssjeffpu","Jeff Pu","33.7K","amplifier","Asia","Asia",neutral,0,,,,"https://x.com/sssjeffpu/status/2075773366066356668",""
2026-07-11T10:31:02.000+08:00,"@damnang2","Damnang","35.4K","amplifier","United States","United States",neutral,0,7,,1,"https://x.com/damnang2/status/2075769808474505297","what?"
2026-07-11T09:40:52.000+08:00,"@damnang2","Damnang","35.4K","amplifier","United States","United States",positive,4.019,1,,1,"https://x.com/damnang2/status/2075757182528966827","Yes"
2026-07-11T08:55:55.000+08:00,"@damnang2","Damnang","35.4K","amplifier","United States","United States",neutral,0,1,,,"https://x.com/damnang2/status/2075745867760652575","This is correct"
2026-07-11T08:54:35.000+08:00,"@damnang2","Damnang","35.4K","amplifier","United States","United States",neutral,0,,,,"https://x.com/damnang2/status/2075745535924031754",""
2026-07-11T08:38:15.000+08:00,"@damnang2","Damnang","35.4K","amplifier","United States","United States",neutral,0,38,3,2,"https://x.com/damnang2/status/2075741421727064199","HBM, CHBM, and Memory on Logic"
2026-07-11T08:37:48.000+08:00,"@damnang2","Damnang","35.4K","amplifier","United States","United States",positive,6.997,31,4,5,"https://x.com/damnang2/status/2075741311169372483","This latest memory article received far more engagement than I expected. Thank you to everyone who took the time to read it.  I wrote the public section in accessible language so that even non-specialists can understand the structures of HBM, custom HBM, memory-on-logic, and"
2026-07-11T07:46:32.000+08:00,"@HyperTechInvest","Daniel Romero","41.1K","amplifier","United States","United States",negative,-5.267,123,18,9,"https://x.com/HyperTechInvest/status/2075728406965293082","Dylan Patel on the importance of memory and storage  Two key quotes:  ""An  $NVDA  GPU is faster than an  $AMD  GPU in most cases, but because AMD GPUs have more memory, they can outperform Nvidia in certain workloads.""  “It is a difficult, multivariable problem. Generally, you need"
2026-07-11T07:24:55.000+08:00,"@HyperTechInvest","Daniel Romero","41.1K","amplifier","United States","United States",negative,-5.719,,,1,"https://x.com/HyperTechInvest/status/2075722969729630357","What I was against was the market’s excessive pessimism. It made no sense. I also don’t think Muse is on the same level as 5.6 or Fable"
2026-07-11T06:57:38.000+08:00,"@damnang2","Damnang","35.4K","amplifier","United States","United States",positive,4.926,2,,,"https://x.com/damnang2/status/2075716104639660221","Thanks!"
2026-07-11T06:51:55.000+08:00,"@damnang2","Damnang","35.4K","amplifier","United States","United States",positive,5.799,9,,1,"https://x.com/damnang2/status/2075714665091588126","The image attached below was originally sourced from the  @TMTBreakout  Slack.   I wasn’t aware of that at the time, so I didn’t credit the source when I first posted it. I’ll be more careful about this going forward."
2026-07-11T06:49:52.000+08:00,"@damnang2","Damnang","35.4K","amplifier","United States","United States",positive,8.425,,,,"https://x.com/damnang2/status/2075714146532991321","Oh you mean this image? Sorry for that, I’m not in your Slack, so I didn’t realize the screenshot came from you. A friend simply sent it to me because I had been mentioned there. I’ll be more careful about giving proper credit next time."
2026-07-11T06:44:56.000+08:00,"@damnang2","Damnang","35.4K","amplifier","United States","United States",positive,8.788,,,1,"https://x.com/damnang2/status/2075712908475117737","Thanks for letting me know. I’m actually not familiar with the TMTB Slack and haven’t used or screenshotted anything from it. Could you point me to the screenshot you’re referring to? I’d be happy to check.  FYI, All of the images were created by me using ChatGPT."
2026-07-11T04:25:49.000+08:00,"@damnang2","Damnang","35.4K","amplifier","United States","United States",neutral,0,20,,,"https://x.com/damnang2/status/2075677897944346919",""
2026-07-11T02:37:18.000+08:00,"@damnang2","Damnang","35.4K","amplifier","United States","United States",positive,5.106,21,,,"https://x.com/damnang2/status/2075650587916677122","Wow, even covering random defect and PLY concepts  This is a genuine engineer's explanation of yield—definitely worth reading once."
2026-07-11T02:35:07.000+08:00,"@damnang2","Damnang","35.4K","amplifier","United States","United States",negative,-3.595,3,,,"https://x.com/damnang2/status/2075650038324424943","Stop the brain drain!"
2026-07-11T02:30:07.000+08:00,"@damnang2","Damnang","35.4K","amplifier","United States","United States",positive,5.574,20,,13,"https://x.com/damnang2/status/2075648780343648524","SK hynix is surging right after its ADR debut.  Are you going to jump on the moving train, or wait for things to cool down before getting in?  I’m curious to hear your thoughts.   $SKHY"
2026-07-11T02:26:08.000+08:00,"@damnang2","Damnang","35.4K","amplifier","United States","United States",positive,8.481,6,,2,"https://x.com/damnang2/status/2075647776638267771","If you want to better understand VCSEL-based CPO ahead of their announcement, take a look at my article. I’m confident it will provide helpful context.   https:// x.com/damnang2/statu s/2073558664292745670?s=46 …"
2026-07-11T02:24:49.000+08:00,"@zephyr_z9","Zephyr","156.4K","amplifier","South Korea","South Korea",positive,7.906,69,1,1,"https://x.com/zephyr_z9/status/2075647447045664805","Yesterday, we made GPT-5.6 Sol Ultra generally available. Today, we're sharing that it produced a proof of the 50-year-old Cycle Double Cover Conjecture using 64 subagents in just under one hour. We're sharing the prompt and proof below. We're excited to see what you all do with"
2026-07-11T02:04:02.000+08:00,"@zephyr_z9","Zephyr","156.4K","amplifier","South Korea","South Korea",negative,-5.994,9,1,2,"https://x.com/zephyr_z9/status/2075642216924709232","950 is a 400 mm2 die 33% smaller than 910B"
2026-07-11T02:01:52.000+08:00,"@zephyr_z9","Zephyr","156.4K","amplifier","South Korea","South Korea",negative,-9.087,123,5,6,"https://x.com/zephyr_z9/status/2075641672248283388","While I haven't seen muse spark performance on independent/private benchmarks But if the benchmark results are decent, then things are about get bad for Opus & below tier models Rumors of OAI starting a price war was circulating but Zucc and Elon triggered it"
2026-07-11T12:13:13.000+08:00,"@dylan522p","Dylan Patel","140K","competitor","International","International",negative,-7.351,7,,1,"https://x.com/dylan522p/status/2075795521286091002","Micron did fail, and then later Nvidia brought down the pin speed targets they had for Rubin as a whole, which enabled the ecosystem to ship to them. If you read the actual note instead of regurgitated nonsense you'd know that."
2026-07-11T10:53:57.000+08:00,"@fabknowledge","Fabricated Knowledge","32.2K","competitor","International","International",negative,-2.96,,,,"https://x.com/fabknowledge/status/2075775573134123206","Wait there’s no antiemetics ?"
2026-07-11T10:13:40.000+08:00,"@fabknowledge","Fabricated Knowledge","32.2K","competitor","International","International",positive,2.235,4,,1,"https://x.com/fabknowledge/status/2075765435753021781","I’m actually not worried until we have antimemetics tbh"
2026-07-11T09:30:05.000+08:00,"@SemiAnalysis_","SemiAnalysis","111.4K","competitor","International","International",negative,-2.263,298,16,62,"https://x.com/SemiAnalysis_/status/2075754468906340443","QUESTION MARK: One of Elon’s companies has limited employee token usage to just $200 per week, while another Elon company is saying everyone will use so much AI that we’ll need space data centers because Earth will run out of power, plus TeraFabs to produce a terawatt of chips"
2026-07-11T09:18:49.000+08:00,"@dylan522p","Dylan Patel","140K","competitor","International","International",positive,3.182,74,1,2,"https://x.com/dylan522p/status/2075751632667881844","Scale up CPO on GPU is delayed as we said. ¯⁠\⁠_⁠(⁠ツ⁠)⁠_⁠/⁠¯ Not my job to care about stocks. My job is to track the supply chain accurately"
2026-07-11T08:37:38.000+08:00,"@dylan522p","Dylan Patel","140K","competitor","International","International",neutral,0,898,12,45,"https://x.com/dylan522p/status/2075741269066993828","When a bi man calls you daddy it hits different"
2026-07-11T06:23:04.000+08:00,"@fabknowledge","Fabricated Knowledge","32.2K","competitor","International","International",negative,-2.5,1,,,"https://x.com/fabknowledge/status/2075707404654608816","No we literally cannot buy or sell anything that our coworkers write about ever. It’s a perma restricted list lol."
2026-07-11T06:02:14.000+08:00,"@fabknowledge","Fabricated Knowledge","32.2K","competitor","International","International",positive,5.994,3,,,"https://x.com/fabknowledge/status/2075702159350378977","Beautiful and poetic"
2026-07-11T05:44:16.000+08:00,"@SemiAnalysis_","SemiAnalysis","111.4K","competitor","International","International",neutral,0,245,13,17,"https://x.com/SemiAnalysis_/status/2075697640755613718","Hey Siri, sue OpenAI"
2026-07-11T04:33:27.000+08:00,"@dylan522p","Dylan Patel","140K","competitor","International","International",neutral,0,1,,,"https://x.com/dylan522p/status/2075679816616149259","Anthropic has been using Nvidia for a long time?"
2026-07-11T03:55:53.000+08:00,"@dylan522p","Dylan Patel","140K","competitor","International","International",positive,8.248,10,,1,"https://x.com/dylan522p/status/2075670363954975109","I own no public equities nor does SemiAnalysis  We have a strict compliance program + department Fluidstack reporting is seperate from my interest, but yes weve discussed facts incl Anthropic deals or datacenter progress inclusong some delays"
2026-07-11T14:22:06.000+08:00,"@qinbafrank","qinbafrank","145.9K","amplifier","International","International",neutral,0,3,,2,"https://x.com/qinbafrank/status/2075827955130044700","存储的市场格局确实好，产业规模大、集中度还高。"
2026-07-11T14:14:03.000+08:00,"@qinbafrank","qinbafrank","145.9K","amplifier","International","International",neutral,0,3,,3,"https://x.com/qinbafrank/status/2075825931214880810","8号Coinbase刚把Grvt添加到现货路线图里，昨天Gvrt也上币安booster活动了。看起来TGE直通两大所应该是确定的了，币安合约应该可期，就是不知道币安现货能不能一起上了。"
2026-07-11T14:05:39.000+08:00,"@pequityresearch","P Equity Research ","8,899","amplifier","International","International",positive,2.96,1,,,"https://x.com/pequityresearch/status/2075823814785548608","Yep"
2026-07-11T13:22:37.000+08:00,"@semivision_tw","SemiVision  ","11.7K","competitor","Taiwan","Taiwan",neutral,0,2,,,"https://x.com/semivision_tw/status/2075812986665808349","10x Gap"
2026-07-11T13:16:53.000+08:00,"@pequityresearch","P Equity Research ","8,899","amplifier","International","International",neutral,0,1,,,"https://x.com/pequityresearch/status/2075811546010145011","$2500 soon"
2026-07-11T13:10:42.000+08:00,"@semivision_tw","SemiVision  ","11.7K","competitor","Taiwan","Taiwan",neutral,0,,,,"https://x.com/semivision_tw/status/2075809988694646907","同意"
2026-07-11T13:10:14.000+08:00,"@semivision_tw","SemiVision  ","11.7K","competitor","Taiwan","Taiwan",positive,3.612,,,,"https://x.com/semivision_tw/status/2075809870604009691","Agree"
2026-07-11T12:58:41.000+08:00,"@pequityresearch","P Equity Research ","8,899","amplifier","International","International",neutral,0,1,1,,"https://x.com/pequityresearch/status/2075806964987089005"," they are ahead in everything: PCBs, substrates, optics, memory, etc."
2026-07-11T12:58:14.000+08:00,"@pequityresearch","P Equity Research ","8,899","amplifier","International","International",neutral,0,1,,,"https://x.com/pequityresearch/status/2075806849471820072","correct"
2026-07-11T12:58:01.000+08:00,"@semivision_tw","SemiVision  ","11.7K","competitor","Taiwan","Taiwan",positive,4.404,1,,3,"https://x.com/semivision_tw/status/2075806797827555491","Do you think OpenAI can build a hardware product that truly surpasses the iPhone?  Not just another smartphone—but a device that fundamentally changes how we interact with AI."
2026-07-11T12:51:39.000+08:00,"@pequityresearch","P Equity Research ","8,899","amplifier","International","International",positive,4.005,22,1,6,"https://x.com/pequityresearch/status/2075805194365886895","Not a single company in the tech world has a more secure supply chain than Nvidia right now. They are far ahead of their competitors in this aspect."
2026-07-11T12:45:55.000+08:00,"@pequityresearch","P Equity Research ","8,899","amplifier","International","International",positive,4.019,1,,,"https://x.com/pequityresearch/status/2075803751181332639","Yeah...will be interesting to see how it develops"
2026-07-11T12:08:16.000+08:00,"@pequityresearch","P Equity Research ","8,899","amplifier","International","International",neutral,0,1,,1,"https://x.com/pequityresearch/status/2075794275028135943","yep...cut InP supply even more maybe"
2026-07-11T11:50:49.000+08:00,"@pequityresearch","P Equity Research ","8,899","amplifier","International","International",positive,6.868,11,2,1,"https://x.com/pequityresearch/status/2075789886452363505","Wow...this is surprising? China has a lot of cards in their hand, so what will be the immediate reaction from them if this happens? "
2026-07-11T11:29:40.000+08:00,"@dmjk001","快讯","24.6K","amplifier","China","China",neutral,0,5,,3,"https://x.com/dmjk001/status/2075784562760892647",""
2026-07-11T11:28:44.000+08:00,"@dmjk001","快讯","24.6K","amplifier","China","China",neutral,0,6,,1,"https://x.com/dmjk001/status/2075784325753352399","11:27【特朗普：1000枚导弹已瞄准伊朗】财联社7月11日电，美国总统特朗普10日说，1000枚导弹已瞄准伊朗。若伊朗暗杀或试图暗杀他本人，还会有数千枚导弹随即发射。“命令已经下达，美军已准备就绪且有能力，在一年时间内（视情延长），彻底摧毁和消灭伊朗”。 （新华社）"
2026-07-11T11:01:21.000+08:00,"@pequityresearch","P Equity Research ","8,899","amplifier","International","International",neutral,0,4,1,1,"https://x.com/pequityresearch/status/2075777436357189773","'Surgie' the humanoid robot makes history with world-first live animal surgeries"
2026-07-11T10:52:51.000+08:00,"@pequityresearch","P Equity Research ","8,899","amplifier","International","International",positive,5.859,2,,,"https://x.com/pequityresearch/status/2075775296406450204","wow... "
2026-07-11T10:50:44.000+08:00,"@pequityresearch","P Equity Research ","8,899","amplifier","International","International",neutral,0,2,,,"https://x.com/pequityresearch/status/2075774766087086389",""
2026-07-11T09:47:59.000+08:00,"@semivision_tw","SemiVision  ","11.7K","competitor","Taiwan","Taiwan",neutral,0,,,,"https://x.com/semivision_tw/status/2075758971009552496","當喜劇片看"
2026-07-11T09:42:05.000+08:00,"@vikramskr","Vikram Sekar","19.5K","amplifier","International","International",neutral,0,6,,,"https://x.com/vikramskr/status/2075757486842503521",""
2026-07-11T09:33:36.000+08:00,"@vikramskr","Vikram Sekar","19.5K","amplifier","International","International",positive,4.215,2,,1,"https://x.com/vikramskr/status/2075755355141972430","Would be nice to meet"
2026-07-11T09:32:49.000+08:00,"@vikramskr","Vikram Sekar","19.5K","amplifier","International","International",positive,5.994,3,,,"https://x.com/vikramskr/status/2075755154947940574","Lmao"
2026-07-11T08:57:40.000+08:00,"@dmjk001","快讯","24.6K","amplifier","China","China",neutral,0,10,,1,"https://x.com/dmjk001/status/2075746309307523229","长江存储控股股份有限公司（简称：长江存储）于近日更新IPO辅导进展"
2026-07-11T08:45:55.000+08:00,"@dmjk001","快讯","24.6K","amplifier","China","China",neutral,0,12,4,6,"https://x.com/dmjk001/status/2075743355024351709","彭博：SK 海力士公司正在考虑以新的方式销售其内存芯片的使用权，其中包括一种名为“内存即服务”的概念，这意味着客户可以从这家韩国公司租用使用权，而不是购买实际的半导体。 SK"
2026-07-11T08:38:19.000+08:00,"@dmjk001","快讯","24.6K","amplifier","China","China",neutral,0,4,,1,"https://x.com/dmjk001/status/2075741441687789615","路透：SK 海力士首席执行官预计 2027 年将出现行业最严重的存储芯片供应紧张 CEO 预测 2030 年后需求将持续超过供应 ""我们预测，从供应角度来看，明年将是行业历史上最糟糕的一年，""郭鲁正在周五接受路透社采访时表示。"
2026-07-11T08:27:19.000+08:00,"@dmjk001","快讯","24.6K","amplifier","China","China",neutral,0,5,,1,"https://x.com/dmjk001/status/2075738674306900402","彭博：SK 集团会长承诺推出""规模远超以往""的对美投资计划 SK 集团在美国的投资额已超过 350 亿美元。“我的计划是比这大得多的数字，”他说，“远远、远远超过 350 亿美元。”"
2026-07-11T08:26:16.000+08:00,"@dmjk001","快讯","24.6K","amplifier","China","China",neutral,0,3,1,2,"https://x.com/dmjk001/status/2075738408488730732","彭博：美国放宽对阿联酋出口限制，为 AI 芯片销售打开大门"
2026-07-11T08:25:08.000+08:00,"@dmjk001","快讯","24.6K","amplifier","China","China",neutral,0,6,1,1,"https://x.com/dmjk001/status/2075738122017784263","SK 海力士 CEO 预计存储芯片短缺将持续至 2030 年以后"
2026-07-11T07:40:32.000+08:00,"@pequityresearch","P Equity Research ","8,899","amplifier","International","International",negative,-8.885,135,16,8,"https://x.com/pequityresearch/status/2075726900291416365","Rosenblatt: Optical  Context Behind Recent Sector Weakness  > China InP Capacity Scare: Stocks traded poorly over the last 1–2 months due to fears that expanding indium phosphide (InP) capacity in China could crash laser pricing.  > CPO Timing Rumors: Reports suggested a"
2026-07-11T07:38:36.000+08:00,"@pequityresearch","P Equity Research ","8,899","amplifier","International","International",neutral,0,9,,,"https://x.com/pequityresearch/status/2075726411390665071","buy meta, hold uber, sell netflix"
2026-07-11T07:16:44.000+08:00,"@pequityresearch","P Equity Research ","8,899","amplifier","International","International",positive,5.707,2,,,"https://x.com/pequityresearch/status/2075720908736520303","Congrats!"
2026-07-11T07:09:32.000+08:00,"@pequityresearch","P Equity Research ","8,899","amplifier","International","International",positive,2.96,,,,"https://x.com/pequityresearch/status/2075719095891226659","yeah"
2026-07-11T06:39:16.000+08:00,"@pequityresearch","P Equity Research ","8,899","amplifier","International","International",neutral,0,1,,,"https://x.com/pequityresearch/status/2075711479559389457","https:// news.futunn.com/en/post/758311 96/memory-storage-is-undergoing-a-frenzied-production-expansion-ushering-semiconductor?chain_id=T7NERikOFEPRji.1l52a6t&futusource=news_headline_list&global_content=%7B%22promote_id%22%3A13766%2C%22sub_promote_id%22%3A33%2C%22f%22%3A%22news.futunn.com%2Fen%2Fpost%2F74636545%2F …"
2026-07-11T06:31:12.000+08:00,"@pequityresearch","P Equity Research ","8,899","amplifier","International","International",positive,8.172,53,6,4,"https://x.com/pequityresearch/status/2075709450351255799","Memory storage is undergoing a frenzied production expansion, ushering semiconductor equipment into a 'super cycle'!   Data from SEMI reveals a strong upward trajectory for the semiconductor sector. The overall global market for semiconductor equipment is projected to climb from"
2026-07-11T05:47:59.000+08:00,"@insane_analyst","Irrational Analysis","40.8K","amplifier","International","International",neutral,0,4,,2,"https://x.com/insane_analyst/status/2075698575959543878","@fabknowledge"
2026-07-11T05:44:52.000+08:00,"@pequityresearch","P Equity Research ","8,899","amplifier","International","International",positive,3.182,1,,,"https://x.com/pequityresearch/status/2075697791284748294","huge"
2026-07-11T05:44:44.000+08:00,"@pequityresearch","P Equity Research ","8,899","amplifier","International","International",positive,5.267,1,,,"https://x.com/pequityresearch/status/2075697755431764031","congrats "
2026-07-11T05:44:14.000+08:00,"@pequityresearch","P Equity Research ","8,899","amplifier","International","International",neutral,0,1,,,"https://x.com/pequityresearch/status/2075697630303162581",""
2026-07-11T05:27:22.000+08:00,"@pequityresearch","P Equity Research ","8,899","amplifier","International","International",positive,8.828,87,18,2,"https://x.com/pequityresearch/status/2075693388158894328","Mirae Asset Securities: AI Bottleneck Issue  Power Bottleneck  > The Moment for Analog Semiconductors: The value of the analog domain, where Moore's Law does not apply, is exploding, giving suppliers overwhelming pricing power. Major players like TI, NXP, and Infineon are proving"
2026-07-11T05:11:23.000+08:00,"@pequityresearch","P Equity Research ","8,899","amplifier","International","International",positive,3.089,1,,1,"https://x.com/pequityresearch/status/2075689365225853052","Don't be discouraged. Your work will be recognized one day."
2026-07-11T04:12:43.000+08:00,"@pequityresearch","P Equity Research ","8,899","amplifier","International","International",positive,3.802,1,,1,"https://x.com/pequityresearch/status/2075674599753183477","Hello! Check PM please"
2026-07-11T04:05:28.000+08:00,"@pequityresearch","P Equity Research ","8,899","amplifier","International","International",neutral,0,1,,,"https://x.com/pequityresearch/status/2075672776204063210",""
2026-07-11T04:04:40.000+08:00,"@pequityresearch","P Equity Research ","8,899","amplifier","International","International",positive,4.753,1,,1,"https://x.com/pequityresearch/status/2075672575582064785","Nice!"
2026-07-11T03:26:29.000+08:00,"@pequityresearch","P Equity Research ","8,899","amplifier","International","International",positive,3.182,2,,,"https://x.com/pequityresearch/status/2075662965244580236"," cool"
2026-07-11T03:06:10.000+08:00,"@pequityresearch","P Equity Research ","8,899","amplifier","International","International",neutral,0,3,,,"https://x.com/pequityresearch/status/2075657850706170003",""
2026-07-11T03:03:51.000+08:00,"@pequityresearch","P Equity Research ","8,899","amplifier","International","International",positive,6.249,,,,"https://x.com/pequityresearch/status/2075657269409120607","Great point"
2026-07-11T16:41:41.000+08:00,"@jukan05","Jukan","155.3K","amplifier","South Korea","South Korea",neutral,0,4,,,"https://x.com/jukan05/status/2075863081998229512","A few thoughts I have right now:  Jensen Huang heard about the OpenAI–Cerebras deal and panic-bought Groq. That likely pushed NVIDIA into paying a high price for the company without conducting a sufficiently thorough technical and commercial evaluation.  Jensen also appears to"
2026-07-11T14:41:12.000+08:00,"@jukan05","Jukan","155.3K","amplifier","South Korea","South Korea",positive,2.5,464,81,44,"https://x.com/jukan05/status/2075832764059054342","WSJ: Apple secured an exemption from semiconductor tariffs in exchange for committing to use Intel’s fabs.  WSJ: Apple will manufacture not only Mac chips but also iPhone chips at Intel.   $AAPL   $INTC"
2026-07-11T15:35:23.000+08:00,"@damnang2","Damnang","35.4K","amplifier","United States","United States",neutral,0,6,1,,"https://x.com/damnang2/status/2075846400232071569",""
2026-07-11T15:25:25.000+08:00,"@damnang2","Damnang","35.4K","amplifier","United States","United States",positive,5.106,10,,,"https://x.com/damnang2/status/2075843891316850720","This article is about how I invest in AI infrastructure. It lays out my own approach to picking sectors and stocks, walked through with a few real examples.  The full piece is free to read on Substack.  For the record, I am not a professional investor, and this is not a buy or"
2026-07-11T16:01:09.000+08:00,"@insane_analyst","Irrational Analysis","40.8K","amplifier","International","International",neutral,0,14,2,1,"https://x.com/insane_analyst/status/2075852883891994799","The King Bleeds, Long Live The King  https:// open.substack.com/pub/irrational analysis/p/the-king-bleeds-long-live-the-king?r=28k8q1&utm_campaign=post&utm_medium=web&showWelcomeOnShare=true …"
2026-07-11T15:30:44.000+08:00,"@qinbafrank","qinbafrank","145.9K","amplifier","International","International",neutral,0,,,,"https://x.com/qinbafrank/status/2075845229530456168","专业啊"
2026-07-11T15:10:56.000+08:00,"@qinbafrank","qinbafrank","145.9K","amplifier","International","International",neutral,0,26,4,11,"https://x.com/qinbafrank/status/2075840247716540630","海力士董事长说要推行内存即服务模式可行么？美股有类似模式的上市公司是哪几家？昨晚SK海力士ADR美股上市，崔泰源接受采访时提到，海力士正在研究“内存即服务”（Memory-as-a-Service，简称MaaS）模式。这个模式核心是，客户未来可能不再一次性购买内存芯片，而是按照使用量、容量或使用期限，向SK海力"
2026-07-11T14:53:54.000+08:00,"@semivision_tw","SemiVision  ","11.7K","competitor","Taiwan","Taiwan",neutral,0,,,2,"https://x.com/semivision_tw/status/2075835958596190380","@grok  Some accounts?"
2026-07-11T15:08:28.000+08:00,"@oguzerkan","Oguz Erkan","121.2K","amplifier","United States","United States",positive,4.939,11,3,6,"https://x.com/oguzerkan/status/2075839623616483545","$SPCX  reportedly generates between 70-120% ROIC on its compute deals with Anthropic and Google.  Yes, this is due to acute demand and lack of large scale supply, so prices are 3-4x the market rates.  But if these assumptions are even somewhat close to accurate, hyperscalers like"
2026-07-11T21:20:51.000+08:00,"@jukan05","Jukan","155.3K","amplifier","South Korea","South Korea",negative,-2.263,589,73,34,"https://x.com/jukan05/status/2075933338540581375","I got an Expert Call saying NVIDIA’s Rubin has been delayed yet again, so I couldn’t even take Saturday off."
2026-07-11T21:03:15.000+08:00,"@QQ_Timmy","駿HaYaO","28.6K","amplifier","Asia","Asia",neutral,0,24,1,5,"https://x.com/QQ_Timmy/status/2075928910576132552","BlackBerry  $BB   1. QNX 業務核心亮點 - GEM（通用嵌入式市場） 是 QNX 成長最快的部門，已超越汽車產業，擴展至機器人、工業自動化、醫療設備及其他安全關鍵應用。 - 2027 財年 Q1 重大進展： ‧ 取得一家領先半導體設備製造商的重大版稅承諾。 ‧ 與 Luminex 深化合作，升級至最新 SDP 8 平台。  2."
2026-07-11T20:59:38.000+08:00,"@QQ_Timmy","駿HaYaO","28.6K","amplifier","Asia","Asia",neutral,0,54,5,5,"https://x.com/QQ_Timmy/status/2075927997526552969","AI 瓶頸議題  - 電力瓶頸（Power Bottleneck） 類比半導體的時代來臨： 摩爾定律不適用的類比領域價值正爆炸性成長，讓供應商擁有壓倒性的定價能力。主要廠商如 TI、NXP、Infineon 已在 2026 年同步執行漲價，證明了這一供應商主導的市場格局。  12,500 安培與 800V 直流的物理極限： 在 600kW 至 1MW"
2026-07-11T19:43:26.000+08:00,"@aleabitoreddit","Serenity","881.1K","amplifier","International","International",negative,-3.182,70,1,8,"https://x.com/aleabitoreddit/status/2075908823521583440","Strange everyone’s already taking allegations as a fact.  Looks credible, but companies file lawsuits all the time to slow down competitors."
2026-07-11T19:27:20.000+08:00,"@jukan05","Jukan","155.3K","amplifier","South Korea","South Korea",positive,3.75,7,1,2,"https://x.com/jukan05/status/2075904770905444693","How about using a better LLM? LMAO  I don’t know if it’s intentional or not, but you’re misrepresenting the facts.  OpenAI was in talks with both Groq and Cerebras. It wasn’t negotiating with Groq first. And it was some Codex engineers at OpenAI complaining that Codex running on"
2026-07-11T19:19:15.000+08:00,"@jukan05","Jukan","155.3K","amplifier","South Korea","South Korea",neutral,0,11,,1,"https://x.com/jukan05/status/2075902735279624430","You’re way off."
2026-07-11T18:52:36.000+08:00,"@aleabitoreddit","Serenity","881.1K","amplifier","International","International",negative,-5.859,162,9,13,"https://x.com/aleabitoreddit/status/2075896028323254679","He wouldn't have build a $1T company without pulling off all those moves.  - Gets funding from Elon -> Pisses off  $TSLA  going independent - Gets funding from  $MSFT  -> Pisses of Microsoft by diluting them with other hyperscaler funding - Gets funding from  $NVDA  -> Builds their"
2026-07-11T18:45:46.000+08:00,"@aleabitoreddit","Serenity","881.1K","amplifier","International","International",negative,-6.486,1.1K,54,168,"https://x.com/aleabitoreddit/status/2075894311741440041","Contrarian take, but Sam Altman / OpenAI is doing something right if he's pissing off every Mag7 like  $AAPL .   By building their own ecosystem instead of being sucked into another.   It's been awhile since  $GOOGL , Apple, Microsoft, and others had some genuine disruptors."
2026-07-11T16:56:02.000+08:00,"@jukan05","Jukan","155.3K","amplifier","South Korea","South Korea",positive,2.96,481,45,26,"https://x.com/jukan05/status/2075866694917194116","One of NVIDIA’s comments during its Morgan Stanley NDR: Anthropic’s share of compute running on NVIDIA has now risen to nearly 50%."
2026-07-11T23:48:41.000+08:00,"@damnang2","Damnang","35.4K","amplifier","United States","United States",positive,7.65,1,,,"https://x.com/damnang2/status/2075970542491078759","I’m trying my best to explain things as simply as possible, but I guess there’s still room for improvement. I’ll keep working on it."
2026-07-11T22:57:58.000+08:00,"@zephyr_z9","Zephyr","156.4K","amplifier","South Korea","South Korea",neutral,0,2,,2,"https://x.com/zephyr_z9/status/2075957776896180403","link??"
2026-07-11T22:35:23.000+08:00,"@zephyr_z9","Zephyr","156.4K","amplifier","South Korea","South Korea",positive,6.072,1,,1,"https://x.com/zephyr_z9/status/2075952093601644803","So, ur sources are telling u that they have canceled those plans and moved the equipment to JHICC?? Then what will happen to the fab shell they have built??"
2026-07-11T22:26:48.000+08:00,"@zephyr_z9","Zephyr","156.4K","amplifier","South Korea","South Korea",positive,2.732,1,,1,"https://x.com/zephyr_z9/status/2075949933195329598","well the new info here is the disclosed capacity of 140k wpm"
2026-07-11T22:10:47.000+08:00,"@zephyr_z9","Zephyr","156.4K","amplifier","South Korea","South Korea",neutral,0,4,,1,"https://x.com/zephyr_z9/status/2075945906097299756","same one, this is what the capacity is expected to be once it ramps"
2026-07-11T21:37:29.000+08:00,"@zephyr_z9","Zephyr","156.4K","amplifier","South Korea","South Korea",neutral,0,128,2,10,"https://x.com/zephyr_z9/status/2075937524225310879",""
2026-07-11T21:35:15.000+08:00,"@zephyr_z9","Zephyr","156.4K","amplifier","South Korea","South Korea",neutral,0,6,,,"https://x.com/zephyr_z9/status/2075936962301845644","28nm is about them developing logic chips the DRAM nodes are thru tech transfers from CXMT, probably D1z/D1a"
2026-07-11T21:29:15.000+08:00,"@zephyr_z9","Zephyr","156.4K","amplifier","South Korea","South Korea",neutral,0,1,,,"https://x.com/zephyr_z9/status/2075935452306268365","https:// file.finance.sina.com.cn/211.154.219.97 %3A9494/MRGG/CNSESH_STOCK/2026/2026-5/2026-05-28/12358264.PDF …"
2026-07-11T21:28:02.000+08:00,"@zephyr_z9","Zephyr","156.4K","amplifier","South Korea","South Korea",neutral,0,6,,3,"https://x.com/zephyr_z9/status/2075935146642190607","This is from a 28 May filing"
2026-07-11T21:11:44.000+08:00,"@zephyr_z9","Zephyr","156.4K","amplifier","South Korea","South Korea",positive,6.908,163,18,14,"https://x.com/zephyr_z9/status/2075931043618779403","Interesting Swaysure/Huawei is building a 140k WPM DRAM fab"
2026-07-11T20:32:14.000+08:00,"@zephyr_z9","Zephyr","156.4K","amplifier","South Korea","South Korea",negative,-4.767,17,,1,"https://x.com/zephyr_z9/status/2075921102568841589","their 8 Hi yield numbers are plain wrong"
2026-07-11T20:30:09.000+08:00,"@zephyr_z9","Zephyr","156.4K","amplifier","South Korea","South Korea",positive,4.019,2,,1,"https://x.com/zephyr_z9/status/2075920581296566297","I don't think Mythos is 500B active"
2026-07-11T20:17:38.000+08:00,"@sssjeffpu","Jeff Pu","33.7K","amplifier","Asia","Asia",positive,6.908,4,,,"https://x.com/sssjeffpu/status/2075917431298748652","Yes haha"
2026-07-11T17:28:34.000+08:00,"@HyperTechInvest","Daniel Romero","41.1K","amplifier","United States","United States",positive,4.404,259,38,21,"https://x.com/HyperTechInvest/status/2075874882651553984","Dylan Patel believes  $NVDA  will not use CPO even with Feynman  “We’re very bullish on copper and non-CPO optics. We're kinda bearish CPO.   $APH  is going to perform much better over the next few years than previously expected.”  Full quote:  “The spending associated with AI chips"
2026-07-11T23:29:40.000+08:00,"@antiAIvo","纳米AI","15K","amplifier","China","China",neutral,0,2,,,"https://x.com/antiAIvo/status/2075965758010806522",""
2026-07-11T22:52:59.000+08:00,"@SKundojjala","Sravan Kundojjala","21K","competitor","International","International",negative,-8.885,26,6,,"https://x.com/SKundojjala/status/2075956526389309713","TSMC's gross margin trajectory has shifted structurally higher. Peak margins no longer require peak loading. In 1Q26 the company earned a 66.2% gross margin and the same utilization level in 2018-2019 produced gross margins of 47-48%, a gap of 19 points at identical capacity"
2026-07-11T21:01:08.000+08:00,"@SemiAnalysis_","SemiAnalysis","111.4K","competitor","International","International",positive,3.182,20,1,,"https://x.com/SemiAnalysis_/status/2075928376578093392","And crucially, chip imports are building the US capital stock — presumably increasing future GDP as AI capabilities expand. (6/6)"
2026-07-11T21:01:08.000+08:00,"@SemiAnalysis_","SemiAnalysis","111.4K","competitor","International","International",positive,4.767,19,1,1,"https://x.com/SemiAnalysis_/status/2075928375621751195","But chip imports from Taiwan are fundamentally different from tube socks from China. Chips have an enormous amount of US IP value embedded in them that gets added back in when GDP is calculated. (5/6)"
2026-07-11T21:01:07.000+08:00,"@SemiAnalysis_","SemiAnalysis","111.4K","competitor","International","International",neutral,0,13,1,1,"https://x.com/SemiAnalysis_/status/2075928373986050264","ATP imports touched $100B in May — only the second time ever. And unlike last time, this isn't a tariff front-running story. (4/6)"
2026-07-11T21:01:07.000+08:00,"@SemiAnalysis_","SemiAnalysis","111.4K","competitor","International","International",neutral,0,14,,1,"https://x.com/SemiAnalysis_/status/2075928372941640183","China had been the third largest source of US imports — and in the last 6 months Taiwan has taken that third spot, as imports of ATP have surged. (3/6)"
2026-07-11T21:01:07.000+08:00,"@SemiAnalysis_","SemiAnalysis","111.4K","competitor","International","International",positive,3.167,19,,1,"https://x.com/SemiAnalysis_/status/2075928370840252841","AI has changed the way the US trades. We now import more advanced technology products (ATP) than consumer goods. (2/6)"
2026-07-11T21:01:06.000+08:00,"@SemiAnalysis_","SemiAnalysis","111.4K","competitor","International","International",negative,-0.772,125,11,9,"https://x.com/SemiAnalysis_/status/2075928369099661642","We imported more from Taiwan than China as tariffs and AI trends collide. (1/6)"
2026-07-11T19:39:00.000+08:00,"@antiAIvo","纳米AI","15K","amplifier","China","China",neutral,0,3,,5,"https://x.com/antiAIvo/status/2075907707333435540","马斯克和奥特曼这么大仇吗？  马斯克逮住一个帖子就评论Altman是骗子"
2026-07-11T23:56:47.000+08:00,"@pequityresearch","P Equity Research ","8,899","amplifier","International","International",positive,4.939,1,,,"https://x.com/pequityresearch/status/2075972579416842360"," enjoy"
2026-07-11T23:54:36.000+08:00,"@pequityresearch","P Equity Research ","8,899","amplifier","International","International",neutral,0,3,,,"https://x.com/pequityresearch/status/2075972029937774750",""
2026-07-11T23:51:54.000+08:00,"@pequityresearch","P Equity Research ","8,899","amplifier","International","International",neutral,0,5,,1,"https://x.com/pequityresearch/status/2075971351802757470",""
2026-07-11T23:50:49.000+08:00,"@vikramskr","Vikram Sekar","19.5K","amplifier","International","International",neutral,0,5,,1,"https://x.com/vikramskr/status/2075971078514716966","@austinsemis"
2026-07-11T23:48:04.000+08:00,"@insane_analyst","Irrational Analysis","40.8K","amplifier","International","International",neutral,0,5,,,"https://x.com/insane_analyst/status/2075970388736311643",""
2026-07-11T23:39:01.000+08:00,"@insane_analyst","Irrational Analysis","40.8K","amplifier","International","International",neutral,0,1,,1,"https://x.com/insane_analyst/status/2075968107383083445","MUSIC? Angle of arrival estimate?"
2026-07-11T23:35:04.000+08:00,"@pequityresearch","P Equity Research ","8,899","amplifier","International","International",neutral,0,,,,"https://x.com/pequityresearch/status/2075967116784619980","Its too big now"
2026-07-11T23:15:05.000+08:00,"@vikramskr","Vikram Sekar","19.5K","amplifier","International","International",positive,5.574,6,1,,"https://x.com/vikramskr/status/2075962086602183033","Jensen may be your hero. Widlar is mine.   https:// open.substack.com/pub/semidoped/ p/til-bob-proved-it-was-impossible?r=222kot&utm_medium=ios …"
2026-07-11T20:08:31.000+08:00,"@semivision_tw","SemiVision  ","11.7K","competitor","Taiwan","Taiwan",negative,-1.027,1,,,"https://x.com/semivision_tw/status/2075915133352911028","Too hard"
2026-07-11T19:28:26.000+08:00,"@semivision_tw","SemiVision  ","11.7K","competitor","Taiwan","Taiwan",positive,4.767,27,3,1,"https://x.com/semivision_tw/status/2075905045808443429","Co-packaged optics, or CPO, is becoming an important technology direction for AI data centers and high-performance computing systems. As the scale-up network bandwidth of GPU clusters and AI accelerators continues to increase, traditional copper interconnects are gradually"
2026-07-11T18:43:45.000+08:00,"@semivision_tw","SemiVision  ","11.7K","competitor","Taiwan","Taiwan",neutral,0,1,,,"https://x.com/semivision_tw/status/2075893802620055966","Followed"
2026-07-11T17:48:22.000+08:00,"@semivision_tw","SemiVision  ","11.7K","competitor","Taiwan","Taiwan",positive,4.215,,,,"https://x.com/semivision_tw/status/2075879865392537704","lol"
2026-07-11T16:50:35.000+08:00,"@qinbafrank","qinbafrank","145.9K","amplifier","International","International",neutral,0,35,3,21,"https://x.com/qinbafrank/status/2075865324520640751","这一次搞Robinhood chain，猛推meme再一次把vald tenev的“坏小孩”气质展现得淋漓尽至，藐视合规和政策边界，只要机会空间够大先干了再说，大不了后面跟监管和解交罚款了事，足够狼性和进攻性。他的对立面就是coin的光头哥，典型的“好孩子”，"
2026-07-11T23:35:17.000+08:00,"@wallstengine","Wall St Engine","159.1K","amplifier","International","International",positive,2.96,101,20,9,"https://x.com/wallstengine/status/2075967169440215101","Solar generated more electricity than coal in the U.S. for the first time ever in May.  Solar supplied 12.8% of U.S. electricity, or 45.5 TWh, up 17% YoY.  Coal supplied 12.2%, its fourth-lowest monthly share ever.  Solar also became the third-largest U.S. electricity source in"
2026-07-11T22:53:12.000+08:00,"@wallstengine","Wall St Engine","159.1K","amplifier","International","International",negative,-2.732,298,21,19,"https://x.com/wallstengine/status/2075956580806537577","Elon warned Apple about OpenAI in 2024"
2026-07-11T22:47:46.000+08:00,"@wallstengine","Wall St Engine","159.1K","amplifier","International","International",neutral,0,3,,,"https://x.com/wallstengine/status/2075955213161337074",""
2026-07-11T21:57:04.000+08:00,"@oguzerkan","Oguz Erkan","121.2K","amplifier","United States","United States",neutral,0,71,13,16,"https://x.com/oguzerkan/status/2075942453010399717","Gavin Baker basically says semiconductors may not be as much cyclical as they used to be.  It’s already less cyclical since the introduction of cloud computing, and AI will make it even less cyclical.  Think this way: McKinsey estimates ~160 GW AI data center capacity bu 2030."
2026-07-11T17:39:27.000+08:00,"@wallstengine","Wall St Engine","159.1K","amplifier","International","International",neutral,0,127,15,10,"https://x.com/wallstengine/status/2075877623021105286","$AAPL  sued OpenAI in federal court, alleging trade secret theft tied to OpenAI’s consumer hardware push.  Apple named OpenAI hardware chief Tang Tan and former Apple engineer Chang Liu in the suit, alleging confidential hardware files and unreleased product materials were taken."
